authorId,authorName,matched_papers,total_topic_citations,first_author_papers,last_author_papers,score,rank
https://openalex.org/A5061949360,Arnaldo Momigliano,7,1172,3,7,38.60037560010667,1
https://openalex.org/A5025922453,Georg G. Iggers,7,1020,3,5,38.03512946667727,2
https://openalex.org/A5046659216,John Marincola,6,1730,5,5,36.496428048808525,3
https://openalex.org/A5086786755,Nancy C. M. Hartsock,5,1873,5,5,33.65517986405285,4
https://openalex.org/A5110330477,Clifford Geertz,4,7510,3,3,32.620836505611805,5
https://openalex.org/A5042827585,Joan Wallach Scott,4,3413,4,4,31.49015563157697,6
https://openalex.org/A5113835045,F. M. L. Thompson,5,847,1,4,30.788346364577848,7
https://openalex.org/A5059088641,Reinhart Koselleck,4,1943,4,3,30.14073824359476,8
https://openalex.org/A5088989714,George Macaulay Trevelyan,5,502,1,5,29.92608698998748,9
https://openalex.org/A5111379049,E.F.K. Koerner,5,308,5,4,29.867879935457648,10
https://openalex.org/A5109480611,Ellen Meiksins Wood,4,1639,2,4,29.512953242738696,11
https://openalex.org/A5109832124,André Gunder Frank,3,4390,2,3,28.259531190911435,12
https://openalex.org/A5103642316,David F. Noble,4,1601,0,3,28.144310616376497,13
https://openalex.org/A5065123379,Ranajit Guha,3,2898,3,3,27.716830980083092,14
https://openalex.org/A5034980949,Anthony Giddens,3,3140,2,3,27.589499648865296,15
https://openalex.org/A5019075743,Arjun Appadurai,2,18893,2,1,27.484958849886215,16
https://openalex.org/A5073828591,Gabrielle M. Spiegel,4,616,2,3,27.334644697598776,17
https://openalex.org/A5005874643,Peter Burke,4,714,1,2,26.93632455461607,18
https://openalex.org/A5110574684,Perry Anderson,3,2550,1,2,26.48024090551168,19
https://openalex.org/A5101722726,Gyan Prakash,3,959,3,3,25.506455291163547,20
https://openalex.org/A5060947607,David Harvey,2,5209,1,2,24.90842973872288,21
https://openalex.org/A5060517090,Bryan D. Palmer,3,746,1,3,24.31157191194547,22
https://openalex.org/A5046931852,Henri Pirenne,3,660,2,2,24.18473225703959,23
https://openalex.org/A5002552336,Claude S. Fischer,3,959,0,3,24.120160930043657,24
https://openalex.org/A5002530200,Steven Shapin,2,2825,2,2,24.090459703825168,25
https://openalex.org/A5113741553,Hayden White,3,469,3,3,24.07805411164799,26
https://openalex.org/A5027610285,L. S. Vygotsky,1,16888,1,1,23.85512996395573,27
https://openalex.org/A5029563864,Aviezer Tucker,3,325,3,3,23.346383484973195,28
https://openalex.org/A5008341991,Jonas Grethlein,3,351,3,2,23.212169000984197,29
https://openalex.org/A5027563678,Ernst Breisach,3,422,1,3,23.17418589977239,30
https://openalex.org/A5113458799,Roy Porter,3,356,1,3,22.83491310523911,31
https://openalex.org/A5088867108,S. H. Rigby,3,258,2,2,22.310880700735297,32
https://openalex.org/A5002789901,Ronald Grigor Suny,3,187,3,3,22.245472647899682,33
https://openalex.org/A5113458618,Asa Briggs,3,247,2,2,22.22408206966619,34
https://openalex.org/A5077227037,Michael Schudson,2,1639,0,2,21.903515330304597,35
https://openalex.org/A5091204757,Richard D. Altick,2,1464,0,2,21.677833331570444,36
https://openalex.org/A5064198741,Konrad Hirschler,3,132,3,3,21.55328697868329,37
https://openalex.org/A5065026433,Peter N. Stearns,3,137,3,2,21.33941402010241,38
https://openalex.org/A5054630644,Jacques Bidet,2,1024,1,1,21.251190144264903,39
https://openalex.org/A5032213199,Terence Ranger,2,644,2,2,21.135725210927767,40
https://openalex.org/A5087589405,Deirdre Coleman,2,950,1,1,21.10132248621067,41
https://openalex.org/A5098415316,C. A. Bayly,1,5916,0,1,21.06431686591333,42
https://openalex.org/A5090896480,James V. Wertsch,1,4120,1,1,21.03399662379752,43
https://openalex.org/A5111629560,Charles Tilly,2,590,2,2,20.96085661214842,44
https://openalex.org/A5021459093,Joyce E. Berg,1,5560,1,0,20.94021363493507,45
https://openalex.org/A5076630423,Kevin McCabe,1,5560,0,1,20.94021363493507,46
https://openalex.org/A5048352740,Michael B. Katz,2,1001,0,2,20.918118851957733,47
https://openalex.org/A5006326554,Paul Walker Clarke,1,4970,1,0,20.71589979274929,48
https://openalex.org/A5110745636,Allan M. Brandt,2,897,0,2,20.698952425272513,49
https://openalex.org/A5089910806,E. P. Thompson,1,4336,0,1,20.443023468230678,50
https://openalex.org/A5064314003,Neil J. Smelser,1,4336,1,0,20.443023468230678,51
https://openalex.org/A5098144202,William M. Reddy,1,5916,0,0,20.371169685353387,52
https://openalex.org/A5098092713,Alfred Gell,1,5916,0,0,20.371169685353387,53
https://openalex.org/A5028448803,William H. Davenport,1,5916,0,0,20.371169685353387,54
https://openalex.org/A5022605300,Patrick J. Geary,1,5916,0,0,20.371169685353387,55
https://openalex.org/A5004866076,Nancy Farriss,1,5916,0,0,20.371169685353387,56
https://openalex.org/A5017313955,Lee V. Cassanelli,1,5916,0,0,20.371169685353387,57
https://openalex.org/A5111783459,Brian S. Spooner,1,5916,0,0,20.371169685353387,58
https://openalex.org/A5109815356,Colin Renfrew,1,5916,0,0,20.371169685353387,59
https://openalex.org/A5098371393,Igor Kopytoff,1,5916,0,0,20.371169685353387,60
https://openalex.org/A5004398183,Jairus Banaji,2,426,2,2,20.310792603793473,61
https://openalex.org/A5046654266,Bonny Norton Peirce,1,2812,1,1,20.270307978099602,62
https://openalex.org/A5062148925,John Dickhaut,1,5560,0,0,20.247066454375126,63
https://openalex.org/A5079129069,Richard Rorty,2,402,2,2,20.195097701229585,64
https://openalex.org/A5110912392,John Burnett,2,379,2,2,20.077567082777087,65
https://openalex.org/A5033018869,Robert E. Shalhope,2,378,2,2,20.072296987501076,66
https://openalex.org/A5113732971,Franz Rosenthal,2,460,1,2,20.058555555221353,67
https://openalex.org/A5015121816,Michael Baxandall,2,632,0,2,19.99955313295646,68
https://openalex.org/A5016905526,Eric Cochrane,2,437,1,2,19.95619728998095,69
https://openalex.org/A5074473163,Eric Prenowitz,1,3247,0,1,19.86473658312308,70
https://openalex.org/A5109864576,Jacques Derrida,1,3247,1,0,19.86473658312308,71
https://openalex.org/A5113995949,A. J. Woodman,2,590,0,2,19.862244323480308,72
https://openalex.org/A5083259949,Guido Tabellini,1,2219,1,1,19.796819310852538,73
https://openalex.org/A5003843153,G. Bernard Hughes,2,402,1,2,19.789632593121418,74
https://openalex.org/A5000469225,Brian Roberts,1,3124,0,1,19.787526304900947,75
https://openalex.org/A5079080213,Robert Reiner,1,3124,1,0,19.787526304900947,76
https://openalex.org/A5045697108,Stephen Gill,1,3110,1,0,19.778546174355217,77
https://openalex.org/A5083384850,Helge Kragh,2,383,1,2,19.69304457440351,78
https://openalex.org/A5017205046,Gayatri Chakravorty Spivak,1,2863,0,1,19.613096236721017,79
https://openalex.org/A5032526306,Sara Suleri,1,2863,1,0,19.613096236721017,80
https://openalex.org/A5051303243,David Edgerton,2,299,2,2,19.604789526648624,81
https://openalex.org/A5030039454,David Jary,2,447,1,1,19.595880825949855,82
https://openalex.org/A5113586366,Margo Anderson,2,515,0,2,19.590825819631238,83
https://openalex.org/A5016820080,Hayden V. White,1,2667,0,1,19.471315994630974,84
https://openalex.org/A5111885415,Jo hn S. Nelson,1,2667,1,0,19.471315994630974,85
https://openalex.org/A5112172479,Paul Kaufman,2,264,2,2,19.356684229308666,86
https://openalex.org/A5110544782,David Elliston Allen,2,323,1,2,19.353246500812713,87
https://openalex.org/A5031989324,Jessie Bernard,1,2498,1,0,19.34043904222985,88
https://openalex.org/A5034333594,J. Louise Despert,1,2498,0,1,19.34043904222985,89
https://openalex.org/A5111488088,Charles Webster,2,447,0,2,19.30819875349808,90
https://openalex.org/A5113869179,Alan Hunt,2,438,0,2,19.267611114818454,91
https://openalex.org/A5114007315,Ann Laura Stoler,1,1625,1,1,19.1740509413354,92
https://openalex.org/A5014060812,Harold Silver,2,409,0,2,19.13092660806482,93
https://openalex.org/A5060525720,David A. Hollinger,2,349,1,1,19.102160670086803,94
https://openalex.org/A5106036745,John B. Clark,1,3124,0,0,19.094379124341003,95
https://openalex.org/A5104058935,Stuart Hall,1,3124,0,0,19.094379124341003,96
https://openalex.org/A5114003166,Chas Critcher,1,3124,0,0,19.094379124341003,97
https://openalex.org/A5085761291,Tony Jefferson,1,3124,0,0,19.094379124341003,98
https://openalex.org/A5070705873,David Washbrook,2,231,2,2,19.09069932066884,99
https://openalex.org/A5024883405,Gwendolyn Wright,2,394,0,2,19.056383818470355,100
https://openalex.org/A5101487755,Paul Ward,2,387,2,0,19.020622967914658,101
https://openalex.org/A5087907777,William Beinart,2,271,2,1,19.00336360182005,102
https://openalex.org/A5011435043,John Friedmann,1,1491,1,1,19.0020399226473,103
https://openalex.org/A5108484903,David E. Nye,2,269,1,2,18.988603387224806,104
https://openalex.org/A5086678738,Dave Russell,2,268,1,2,18.981182228431734,105
https://openalex.org/A5071564492,Patrick Joyce,2,216,2,2,18.957019284417143,106
https://openalex.org/A5006018149,Robert Dingwall,2,447,1,0,18.90273364538991,107
https://openalex.org/A5111913953,José Harris,2,315,1,1,18.897778788293714,108
https://openalex.org/A5009816649,Linda Gordon,2,355,0,2,18.84847375037217,109
https://openalex.org/A5019501018,N. I. Bukharin,2,204,2,2,18.84324453561304,110
https://openalex.org/A5037162571,Stephan Elspaß,2,250,2,1,18.84266534749162,111
https://openalex.org/A5052226638,André Lefèvere,1,1372,1,1,18.835801172655827,112
https://openalex.org/A5048005910,Devin J. Stewart,2,249,2,1,18.834681304952547,113
https://openalex.org/A5085423497,Lee D. Parker,2,302,1,1,18.813759972138627,114
https://openalex.org/A5018862912,T. P. Wiseman,2,245,1,2,18.80242254109278,115
https://openalex.org/A5110432456,G. A. Cohen,2,300,1,1,18.800514890617638,116
https://openalex.org/A5112774082,Julie Scott Meisami,2,198,2,2,18.783834226785206,117
https://openalex.org/A5040245434,Katherine Clarke,2,294,1,1,18.760245073799528,118
https://openalex.org/A5012551094,Stanley Aronowitz,2,235,1,2,18.719423079279274,119
https://openalex.org/A5053088793,Walter Benjamín,1,1289,1,1,18.711089355831323,120
https://openalex.org/A5020615717,Jouni‐Matti Kuukkanen,2,185,2,2,18.648717924762625,121
https://openalex.org/A5063604166,Philippe Ariès,1,2498,0,0,18.647291861669906,122
https://openalex.org/A5058324502,Robert Baldick,1,2498,0,0,18.647291861669906,123
https://openalex.org/A5055805985,Thomas Postlewait,2,277,1,1,18.64153658850116,124
https://openalex.org/A5062104240,Janet Golden,2,222,2,1,18.606103012148292,125
https://openalex.org/A5070554910,Geoffrey Crossick,2,222,2,1,18.606103012148292,126
https://openalex.org/A5072917041,Lionel Rothkrug,1,1707,1,0,18.579303929256977,127
https://openalex.org/A5029026722,James Walvin,2,176,2,2,18.54952404248388,128
https://openalex.org/A5058003881,Harvey Levenstein,2,305,0,2,18.545782492572872,129
https://openalex.org/A5027324955,Bernard Bailyn,2,165,2,2,18.42120015404931,130
https://openalex.org/A5109805029,Adrián Shubert,2,202,1,2,18.418171427311627,131
https://openalex.org/A5046949304,William M. Johnston,2,279,0,2,18.36819149500661,132
https://openalex.org/A5074062804,Judith R. Walkowitz,1,1062,1,1,18.323995117803783,133
https://openalex.org/A5089270803,V A C Gatrell,2,471,0,0,18.31395797117111,134
https://openalex.org/A5020667416,Rima D. Apple,2,234,1,1,18.305465389408205,135
https://openalex.org/A5113450589,Halil İnalcık,2,329,1,0,18.291332489480997,136
https://openalex.org/A5046902938,Gareth Stedman Jones,2,189,2,1,18.285807613549025,137
https://openalex.org/A5090766306,Thomas C. Leonard,1,1467,1,0,18.276459598908865,138
https://openalex.org/A5047864170,John Van Seters,2,186,1,2,18.25397670293723,139
https://openalex.org/A5022206779,Anne Marie Rafferty,2,447,0,0,18.209586464829968,140
https://openalex.org/A5088437542,Gregory E. Sterling,2,180,1,2,18.18875353175971,141
https://openalex.org/A5081360774,Wim Vandenbussche,2,248,0,2,18.133518081597526,142
https://openalex.org/A5013231282,Jorge Larraín,2,243,0,2,18.092948739254513,143
https://openalex.org/A5112795828,Alan B. Lloyd,2,240,0,2,18.06820615564942,144
https://openalex.org/A5113239627,Geoff Eley,2,169,2,1,18.06335634332858,145
https://openalex.org/A5032865211,T. C. McCaskie,2,135,2,2,18.022534348808325,146
https://openalex.org/A5020249236,T. Neville Postlethwaite,1,1257,0,1,17.967704055080713,147
https://openalex.org/A5010330868,G. R. Batho,1,1257,1,0,17.967704055080713,148
https://openalex.org/A5015429038,Adrian Hastings,1,887,1,1,17.96423784710423,149
https://openalex.org/A5063675150,Elizabeth Siegel Watkins,2,196,1,1,17.952701818595862,150
https://openalex.org/A5062395162,Robert W. Cox,1,1244,0,1,17.946928798357558,151
https://openalex.org/A5069633338,Joan Lane,2,127,2,2,17.901285105175454,152
https://openalex.org/A5030555531,Ernest Mandel,2,217,0,2,17.86760241424629,153
https://openalex.org/A5023640556,David Mayfield,2,150,2,1,17.826319142857905,154
https://openalex.org/A5110236365,Alan Knight,2,121,2,2,17.805266666802734,155
https://openalex.org/A5070959013,Amanda Vickery,1,818,1,1,17.802462528826027,156
https://openalex.org/A5046710299,Jane Bennett,1,804,1,1,17.767978915957016,157
https://openalex.org/A5040160410,John K. Walton,2,205,0,2,17.754364626247273,158
https://openalex.org/A5002745800,Samuel Cohn,2,203,2,0,17.734852276356545,159
https://openalex.org/A5103704971,Nils Langer,2,248,1,0,17.72805297348936,160
https://openalex.org/A5018433422,Allan Megill,2,115,2,2,17.70440495954895,161
https://openalex.org/A5000021925,Barbara H. Rosenwein,1,774,1,1,17.692020419826584,162
https://openalex.org/A5018369926,S. A. M. Adshead,1,1090,1,0,17.682847152226085,163
https://openalex.org/A5040370169,Peter Laslett,1,1082,0,1,17.668127674561926,164
https://openalex.org/A5003294650,Jacob S. Siegel,1,1082,1,0,17.668127674561926,165
https://openalex.org/A5031412328,G. A. Cohen,1,759,1,1,17.65293122768064,166
https://openalex.org/A5080554473,Sue Morgan,2,112,2,2,17.652000214760903,167
https://openalex.org/A5108356951,Sidney W. Mintz,1,1067,1,0,17.640233219600223,168
https://openalex.org/A5009503931,Christine M. Du Bois,1,1067,0,1,17.640233219600223,169
https://openalex.org/A5033734187,Niels Brügger,2,111,2,2,17.63422231992641,170
https://openalex.org/A5079457077,Sally Alexander,2,135,2,1,17.617069240700157,171
https://openalex.org/A5067972504,Louis Althusser,1,1008,1,0,17.52657722126716,172
https://openalex.org/A5006662780,G. M. Goshgarian,1,1008,0,1,17.52657722126716,173
https://openalex.org/A5003985666,Chris Lorenz,2,105,2,2,17.524102765560354,174
https://openalex.org/A5085633280,Olivier Zunz,2,170,0,2,17.38193940167343,175
https://openalex.org/A5060588799,Susan Strasser,1,636,1,1,17.299833672264214,176
https://openalex.org/A5108724875,Torsten Husén,1,1257,0,0,17.27455687452077,177
https://openalex.org/A5085865097,M. M. Postan,1,885,0,1,17.266581081770106,178
https://openalex.org/A5087340682,Londa Schiebinger,2,91,2,2,17.240801731434303,179
https://openalex.org/A5113440685,Louis B. Wright,1,861,1,0,17.21165772188733,180
https://openalex.org/A5012309101,E. P. Thompson,1,602,1,1,17.19012875457426,181
https://openalex.org/A5064248726,Gurminder K. Bhambra,1,594,1,1,17.163417172211147,182
https://openalex.org/A5072388781,Jonathan Prude,2,146,0,2,17.079477462225583,183
https://openalex.org/A5009412729,Raphael Patai,1,789,1,0,17.03721307148208,184
https://openalex.org/A5045975321,Yosef Hayim Yerushalmi,1,789,0,1,17.03721307148208,185
https://openalex.org/A5085977090,Bruce G. Trigger,2,240,0,0,16.96959386698131,186
https://openalex.org/A5050805320,Barry J. Kemp,2,240,0,0,16.96959386698131,187
https://openalex.org/A5106699161,G. B. Milner,1,753,1,0,16.943931916575856,188
https://openalex.org/A5104194836,Robert I. Levy,1,753,0,1,16.943931916575856,189
https://openalex.org/A5044769797,Étienne Balibar,1,1008,0,0,16.833430040707217,190
https://openalex.org/A5056773475,David J. Pivar,1,710,1,0,16.826492040166425,191
https://openalex.org/A5058554592,Ilza Veith,1,485,1,1,16.758711608920876,192
https://openalex.org/A5012826390,Sumit Sarkar,1,484,1,1,16.754592142994856,193
https://openalex.org/A5072797175,Howard P. Segal,1,667,1,0,16.701723527633234,194
https://openalex.org/A5079385495,Todd Presner,1,664,0,1,16.692721261871654,195
https://openalex.org/A5080839015,Sandra Swart,2,67,2,2,16.636239987688434,196
https://openalex.org/A5039102629,Philip Hardie,1,455,1,1,16.631279980148662,197
https://openalex.org/A5046865281,James Lockhart,2,82,1,2,16.62944068482125,198
https://openalex.org/A5110737490,Chris DeBresson,1,637,1,0,16.609823747249525,199
https://openalex.org/A5039159937,Gaston Wiet,1,449,1,1,16.60478952664862,200
https://openalex.org/A5022782175,Peter Mathias,1,885,0,0,16.573433901210162,201
https://openalex.org/A5029817875,Elizabeth Benzinger,1,613,0,1,16.533137036854228,202
https://openalex.org/A5061075046,Hans Robert Jauß,1,613,1,0,16.533137036854228,203
https://openalex.org/A5034432813,Ian S. Lustick,1,427,1,1,16.504540752283482,204
https://openalex.org/A5035023560,Alain Touraine,1,427,1,1,16.504540752283482,205
https://openalex.org/A5109963862,Jerome Hamilton Buckley,1,603,1,0,16.500295576429576,206
https://openalex.org/A5071750140,Rosemary Horrox,1,411,1,1,16.428341059818944,207
https://openalex.org/A5023492546,Harley Shaiken,1,575,0,1,16.40536250195173,208
https://openalex.org/A5064336799,Marco Diani,1,575,1,0,16.40536250195173,209
https://openalex.org/A5103167319,Sharad Chari,1,558,1,0,16.345446126870144,210
https://openalex.org/A5015191140,Katherine Verdery,1,558,0,1,16.345446126870144,211
https://openalex.org/A5019661966,F Donnelly,1,548,1,0,16.309344063579005,212
https://openalex.org/A5007674163,Göran Therborn,2,99,0,2,16.308952660644294,213
https://openalex.org/A5000352293,Jean‐Joseph Goux,1,378,1,1,16.26136677128474,214
https://openalex.org/A5064419279,Gwendolen M. Carter,1,367,1,1,16.202460237457753,215
https://openalex.org/A5023708349,Allan Kellehear,1,363,1,1,16.180602096393372,216
https://openalex.org/A5029421239,Walter I. Trattner,1,507,1,0,16.154110075716908,217
https://openalex.org/A5039418449,Donna Read,1,357,1,1,16.14736033392129,218
https://openalex.org/A5108357635,Clarke A. Chambers,1,494,1,0,16.102262705697324,219
https://openalex.org/A5042544608,Scott DeVeaux,1,348,1,1,16.096438205524745,220
https://openalex.org/A5060617761,Steven Hahn,2,146,0,0,15.980865173557472,221
https://openalex.org/A5091633549,Frederick F. Cartwright,1,463,0,1,15.972916285012456,222
https://openalex.org/A5053027246,Guenter B. Risse,1,463,1,0,15.972916285012456,223
https://openalex.org/A5032520990,Clive Emsley,1,322,1,1,15.941599007565204,224
https://openalex.org/A5109100222,David K. Brown,1,447,1,0,15.902733645389915,225
https://openalex.org/A5086559387,Carl Page,1,313,1,1,15.885080332936397,226
https://openalex.org/A5034979873,T. O. Beidelman,1,443,1,0,15.884796305424395,227
https://openalex.org/A5084778198,Henrike Kuklick,1,443,0,1,15.884796305424395,228
https://openalex.org/A5006892866,Giovanni Arrighi,1,622,0,0,15.869093037574906,229
https://openalex.org/A5055758190,Enrico Augelli,1,622,0,0,15.869093037574906,230
https://openalex.org/A5014641842,Kees van der Pijl,1,622,0,0,15.869093037574906,231
https://openalex.org/A5084819980,Otto Holman,1,622,0,0,15.869093037574906,232
https://openalex.org/A5026516847,Barry K. Gills,1,622,0,0,15.869093037574906,233
https://openalex.org/A5084834002,Mark Rupert,1,622,0,0,15.869093037574906,234
https://openalex.org/A5066394915,Göran Hermerén,1,431,1,0,15.829998357048167,235
https://openalex.org/A5052055215,Peter Keating,1,296,1,1,15.77375863872529,236
https://openalex.org/A5010367912,China Miéville,1,294,1,1,15.760245073799531,237
https://openalex.org/A5058771936,Theda Skocpol,1,415,1,0,15.754517701082472,238
https://openalex.org/A5049837138,Peter Clark,1,292,1,1,15.746639579154026,239
https://openalex.org/A5109393304,Ann Taylor Allen,1,399,1,0,15.676076274775909,240
https://openalex.org/A5022819147,Stuart Ewen,1,281,1,1,15.670108502996118,241
https://openalex.org/A5035488324,Derek J. de Solla Price,1,281,1,1,15.670108502996118,242
https://openalex.org/A5064884821,Garthine Walker,1,267,1,1,15.568268322141604,243
https://openalex.org/A5063798394,Stephen K. Sanderson,1,368,1,0,15.514740468641,244
https://openalex.org/A5057260153,Piotr Sztompka,1,368,0,1,15.514740468641,245
https://openalex.org/A5039032681,Asha briggs,1,355,1,0,15.443008642264006,246
https://openalex.org/A5069494089,Matthew T. Huber,1,250,1,1,15.437200239383458,247
https://openalex.org/A5033078828,Joachim Whaley,1,246,1,1,15.405071034375846,248
https://openalex.org/A5032764769,Trevor Gale,1,238,1,1,15.339221464982913,249
https://openalex.org/A5012502961,T. J. Luce,1,336,1,0,15.333313041264669,250
https://openalex.org/A5082575776,George W. Stocking,1,233,1,1,15.296936591835294,251
https://openalex.org/A5040633841,Paul Maylam,1,232,1,1,15.288371268251291,252
https://openalex.org/A5104066418,Geoffrey Parker,1,312,0,1,15.185553561640251,253
https://openalex.org/A5113861845,J. A. Chartres,1,312,1,0,15.185553561640251,254
https://openalex.org/A5024747087,Susan Kellogg,1,309,0,1,15.16629177551833,255
https://openalex.org/A5078896648,David T. Courtwright,1,309,1,0,15.16629177551833,256
https://openalex.org/A5014374577,Sam Bass Warner,1,305,1,0,15.140317384464707,257
https://openalex.org/A5068700950,Eric Herring,2,38,2,1,15.118882761487347,258
https://openalex.org/A5026281896,Thomas Klikauer,1,213,1,1,15.118246391163593,259
https://openalex.org/A5022340612,David R. Buckholdt,1,298,1,0,15.09403432734132,260
https://openalex.org/A5041702689,R. B. Outhwaite,1,298,0,1,15.09403432734132,261
https://openalex.org/A5018328428,Kathleen Canning,1,210,1,1,15.090010628072024,262
https://openalex.org/A5051805015,Andrew Levine,1,289,1,0,15.032909026520985,263
https://openalex.org/A5110156728,J. Stanley Lemons,1,288,1,0,15.02600055678481,264
https://openalex.org/A5085335914,Margaret L. Meriwether,1,201,1,1,15.002829755922301,265
https://openalex.org/A5055914775,Reynaldo C. Ileto,1,199,1,1,14.982929094215963,266
https://openalex.org/A5112818918,Carroll Pursell,1,277,1,0,14.94838940794122,267
https://openalex.org/A5026857010,Francisca de Haan,1,195,1,1,14.942523679580924,268
https://openalex.org/A5062283919,Lester D. Stephens,1,275,1,0,14.933948911994245,269
https://openalex.org/A5036616656,Ian Hacking,1,274,1,0,14.926689375893089,270
https://openalex.org/A5021527652,Stephen Shapin,1,274,0,1,14.926689375893089,271
https://openalex.org/A5067643527,Talal Asad,1,193,1,1,14.922010679246547,272
https://openalex.org/A5098501729,Mr Dick Leith,1,271,1,0,14.904751313151941,273
https://openalex.org/A5066433234,Dick Leith,1,271,0,1,14.904751313151941,274
https://openalex.org/A5006443533,Arnold Hauser,1,190,1,1,14.89084121721315,275
https://openalex.org/A5044057986,Richard Bach Jensen,1,267,1,0,14.875121141581658,276
https://openalex.org/A5101068128,Andrew D. Walker,1,188,1,1,14.869788391239176,277
https://openalex.org/A5111862821,F.R. Ankersmit,1,187,1,1,14.85917828677979,278
https://openalex.org/A5055429505,Michael Ignatieff,1,186,1,1,14.848511594829064,279
https://openalex.org/A5086117515,J. Roger Dunkle,1,186,1,1,14.848511594829064,280
https://openalex.org/A5110020493,James M. O’Toole,1,185,1,1,14.837787708546294,281
https://openalex.org/A5068392846,Wolfgang Schivelbusch,1,261,0,1,14.829836188082139,282
https://openalex.org/A5097798688,Stephen Mennell,1,261,1,0,14.829836188082139,283
https://openalex.org/A5049648843,Gregory L. Freeze,1,184,1,1,14.82700601127654,284
https://openalex.org/A5071805946,Mona Domosh,1,184,1,1,14.82700601127654,285
https://openalex.org/A5058951721,H. C. Barnard,1,260,1,0,14.822187995205333,286
https://openalex.org/A5012197619,Bernhard W. Scholz,1,260,1,0,14.822187995205333,287
https://openalex.org/A5101881781,Peter Stewart,1,182,1,1,14.805266666802734,288
https://openalex.org/A5110119092,Dipesh Chakrabarty,1,181,1,1,14.794307735273481,289
https://openalex.org/A5080153044,Alexander Bergs,1,181,1,1,14.794307735273481,290
https://openalex.org/A5029212268,Stanley Pargellis,1,256,0,1,14.791299350350386,291
https://openalex.org/A5112831855,N. S. B. Gras,1,256,1,0,14.791299350350386,292
https://openalex.org/A5064533269,Zola Marie Packman,1,254,1,0,14.775674270876797,293
https://openalex.org/A5035507088,Edith S. Lisansky,1,178,1,1,14.7610659728014,294
https://openalex.org/A5090412515,Alex Dupuy,1,251,1,0,14.752005355582792,295
https://openalex.org/A5006690810,Paddy Scannell,1,250,1,0,14.744053058823512,296
https://openalex.org/A5003348834,David Cardiff,1,250,0,1,14.744053058823512,297
https://openalex.org/A5007061586,Conrad Taeuber,1,248,1,0,14.72805297348936,298
https://openalex.org/A5111589022,Stuart B. Schwartz,1,175,1,1,14.727262351196194,299
https://openalex.org/A5110738268,Neville Meaney,1,174,1,1,14.71586630896692,300
https://openalex.org/A5112080533,E. J. Hobsbawm,1,173,1,1,14.704404959548949,301
https://openalex.org/A5031760855,Avery Craven,1,171,1,1,14.681283314746796,302
https://openalex.org/A5030996990,Celia Applegate,1,171,1,1,14.681283314746796,303
https://openalex.org/A5112549944,Otto Kirchheimer,1,242,1,0,14.679270067241042,304
https://openalex.org/A5060298788,Robert J. Griffin,1,242,0,1,14.679270067241042,305
https://openalex.org/A5112788890,M. M. Austin,1,242,1,0,14.679270067241042,306
https://openalex.org/A5007624909,Pierre Vidal‐Naquet,1,242,0,1,14.679270067241042,307
https://openalex.org/A5032037427,Greg Garrard,1,242,1,0,14.679270067241042,308
https://openalex.org/A5074128273,Roy Porter,1,170,1,1,14.669621474125211,309
https://openalex.org/A5037099828,Daniel M. Fox,1,170,1,1,14.669621474125211,310
https://openalex.org/A5023431648,Henrik Mouritsen,1,169,1,1,14.657891235220415,311
https://openalex.org/A5015641326,Romila Thapar,1,169,1,1,14.657891235220415,312
https://openalex.org/A5027401374,Richard B. Sher,1,169,1,1,14.657891235220415,313
https://openalex.org/A5003098258,Nathan Ensmenger,1,169,1,1,14.657891235220415,314
https://openalex.org/A5110342604,Ira J. Cohen,1,236,1,0,14.629267462830208,315
https://openalex.org/A5043114939,Jeanette Beer,1,236,1,0,14.629267462830208,316
https://openalex.org/A5004345599,Kay Mussell,1,236,1,0,14.629267462830208,317
https://openalex.org/A5003616336,Richard Gombrich,1,235,0,1,14.620810790611166,318
https://openalex.org/A5007135647,Jonathan S. Walters,1,235,1,0,14.620810790611166,319
https://openalex.org/A5051947832,John F. Galliher,1,233,1,0,14.603789411275349,320
https://openalex.org/A5082060107,Bill Cooke,1,162,1,1,14.573794762733415,321
https://openalex.org/A5000414136,Jonathan Seely,1,161,1,1,14.561487031584658,322
https://openalex.org/A5077987498,Jaap Mansfeld,1,161,1,1,14.561487031584658,323
https://openalex.org/A5081360781,Nell Pape Warning,1,159,1,1,14.536641991587544,324
https://openalex.org/A5026588989,Alexandra Walsham,1,158,1,1,14.524102765560354,325
https://openalex.org/A5043027378,Eugene Garfield,1,223,1,0,14.516439284270025,326
https://openalex.org/A5041608400,V. S. Istomin,1,223,0,1,14.516439284270025,327
https://openalex.org/A5111454796,J. G. A. Pocock,1,156,1,1,14.498785971816506,328
https://openalex.org/A5009993607,Bruce P. Lenman,1,312,0,0,14.492406381080306,329
https://openalex.org/A5050284433,Joseph Rhatigan,1,220,0,1,14.48947258359545,330
https://openalex.org/A5013113624,Heidi Behforouz,1,220,1,0,14.48947258359545,331
https://openalex.org/A5104364167,William B. Taylor,1,155,1,1,14.486006375618965,332
https://openalex.org/A5053296320,Steven Mintz,1,309,0,0,14.473144594958384,333
https://openalex.org/A5063640151,Dimitri Gutas,1,153,1,1,14.46019956594715,334
https://openalex.org/A5048594121,Matthew B. Roller,1,153,1,1,14.46019956594715,335
https://openalex.org/A5071925869,Elizabeth A. Clark,1,153,1,1,14.46019956594715,336
https://openalex.org/A5063835150,Brian C. Schmidt,1,151,1,1,14.434055402812444,337
https://openalex.org/A5043591621,Dan Stone,1,150,1,1,14.42085403474974,338
https://openalex.org/A5104356939,Maryinez Lyons,1,150,1,1,14.42085403474974,339
https://openalex.org/A5053785877,Martin A. Lee,1,212,1,0,14.415731511978796,340
https://openalex.org/A5007669104,Bruce Shlain,1,212,0,1,14.415731511978796,341
https://openalex.org/A5111835636,Keith Bradley,1,212,0,1,14.415731511978796,342
https://openalex.org/A5090792062,Robert Rousselle,1,212,1,0,14.415731511978796,343
https://openalex.org/A5056436366,Elton Barker,1,149,1,1,14.407564949312402,344
https://openalex.org/A5048516361,Nancy F. Cott,1,149,1,1,14.407564949312402,345
https://openalex.org/A5024480160,Sohan Modgil,1,211,0,1,14.40631972990397,346
https://openalex.org/A5011902848,Bruce Dain,1,210,1,0,14.396863447512079,347
https://openalex.org/A5038603404,York W. Bradshaw,1,210,1,0,14.396863447512079,348
https://openalex.org/A5108796315,John Ernest,1,210,0,1,14.396863447512079,349
https://openalex.org/A5044368570,Hilary Beckles,1,147,1,1,14.38071890864812,350
https://openalex.org/A5072887705,Mark Blaug,1,146,1,1,14.367159534677363,351
https://openalex.org/A5060755870,Gavin Kelly,1,146,1,1,14.367159534677363,352
https://openalex.org/A5108859686,P. C. Kemeny,1,205,1,0,14.348899518139108,353
https://openalex.org/A5084693409,James G. Spady,1,202,1,0,14.31955913864352,354
https://openalex.org/A5050453376,Christopher A. Waterman,1,202,0,1,14.31955913864352,355
https://openalex.org/A5009910272,Christopher Baron,1,142,1,1,14.311983621639705,356
https://openalex.org/A5006911142,Ulrich Middeldorf,1,201,1,0,14.309682575362356,357
https://openalex.org/A5005232948,Jack Hayward,1,141,1,1,14.297948476322413,358
https://openalex.org/A5057814410,Amy Fitzgerald,1,141,1,1,14.297948476322413,359
https://openalex.org/A5065183527,Kurt Danziger,1,141,1,1,14.297948476322413,360
https://openalex.org/A5050900857,Richard M. Eaton,1,141,1,1,14.297948476322413,361
https://openalex.org/A5029140227,Robert Shell,1,199,1,0,14.289781913656018,362
https://openalex.org/A5081130115,Theodore Evergates,1,199,1,0,14.289781913656018,363
https://openalex.org/A5110826346,Arthur Goldhammer,1,199,0,1,14.289781913656018,364
https://openalex.org/A5014339561,Roger B. Beck,1,199,0,1,14.289781913656018,365
https://openalex.org/A5113727076,Alan Holland,1,139,1,1,14.269579206338499,366
https://openalex.org/A5102116248,William R. Thompson,1,138,1,1,14.255242227381274,367
https://openalex.org/A5035514416,Liv Mariah Yarrow,1,138,1,1,14.255242227381274,368
https://openalex.org/A5039198367,Stephen H. Norwood,1,195,1,0,14.249376499020979,369
https://openalex.org/A5074368414,Michael Hau,1,137,1,1,14.240801731434301,370
https://openalex.org/A5091256291,David Armstrong,1,137,1,1,14.240801731434301,371
https://openalex.org/A5054291620,Thomas Lindner,1,137,1,1,14.240801731434301,372
https://openalex.org/A5064771923,Donald Quataert,1,194,0,1,14.239146297687439,373
https://openalex.org/A5112005234,Roger Owen,1,194,1,0,14.239146297687439,374
https://openalex.org/A5020829765,Gavin R. G. Hambly,1,193,1,0,14.228863498686602,375
https://openalex.org/A5061109067,Richard W. Bulliet,1,193,0,1,14.228863498686602,376
https://openalex.org/A5060170163,Barbara Shapiro,1,192,1,0,14.218527558369717,377
https://openalex.org/A5045235309,Edward Ν. Waters,1,192,1,0,14.218527558369717,378
https://openalex.org/A5044040093,Arthur Loesser,1,192,0,1,14.218527558369717,379
https://openalex.org/A5004910394,Joseph M. Levine,1,192,0,1,14.218527558369717,380
https://openalex.org/A5013650249,John Bossy,1,135,1,1,14.211604132591996,381
https://openalex.org/A5066282843,Norbert Elliot,1,135,1,1,14.211604132591996,382
https://openalex.org/A5041453323,Andrew Scull,1,134,1,1,14.19684391799675,383
https://openalex.org/A5058827161,Paul Blackledge,2,19,2,2,14.188689124444199,384
https://openalex.org/A5110447648,Robert Taft,1,133,1,1,14.181973961021713,385
https://openalex.org/A5043979598,Hannah Cooke,1,188,1,0,14.17664121067923,386
https://openalex.org/A5016068838,Athanasios Markopoulos,1,132,1,1,14.166992617563398,387
https://openalex.org/A5089981876,W.R. Bradford,1,187,1,0,14.166031106219844,388
https://openalex.org/A5040899901,André Schmid,1,131,1,1,14.151898206292632,389
https://openalex.org/A5089437398,Francesca Santoro L’hoir,1,131,1,1,14.151898206292632,390
https://openalex.org/A5006159522,JoAnn McGregor,1,184,0,1,14.133858830716594,391
https://openalex.org/A5044124013,John A. Lawson,1,260,0,0,14.129040814645387,392
https://openalex.org/A5090575905,Christopher J. Wickham,1,129,1,1,14.121363262031055,393
https://openalex.org/A5024112213,Shulamit Volkov,1,128,1,1,14.105919169843235,394
https://openalex.org/A5111781336,William Huse Dunham,1,256,0,0,14.09815216979044,395
https://openalex.org/A5053543725,H. S. Bennett,1,256,0,0,14.09815216979044,396
https://openalex.org/A5021724503,Derek Birley,1,127,1,1,14.090354888959125,397
https://openalex.org/A5112778232,Joseph P. McDermott,1,126,1,1,14.074668534037073,398
https://openalex.org/A5050277973,Kali for Women,1,178,0,1,14.067918792241455,399
https://openalex.org/A5075822189,Lex Heerma van Voss,1,178,1,0,14.067918792241455,400
https://openalex.org/A5091729976,Janaki Nair,1,178,1,0,14.067918792241455,401
https://openalex.org/A5111917428,R. Douglas Hurt,1,125,1,1,14.058858175022847,402
https://openalex.org/A5111611716,Robert Bonfil,1,125,1,1,14.058858175022847,403
https://openalex.org/A5013154757,J. H. Clapham,1,177,1,0,14.056714281144115,404
https://openalex.org/A5019375784,Gregor Wienand,1,173,1,0,14.011257778989004,405
https://openalex.org/A5023944095,James Harvey Young,1,122,1,1,14.010663071864725,406
https://openalex.org/A5113907056,John E. Woods,1,122,1,1,14.010663071864725,407
https://openalex.org/A5047704833,Linda Bryder,1,122,1,1,14.010663071864725,408
https://openalex.org/A5026287969,Steven E. Sidebotham,1,172,1,0,13.999730369555504,409
https://openalex.org/A5063055995,E. Barbara Phillips,1,172,1,0,13.999730369555504,410
https://openalex.org/A5103633710,John P. S. McLaren,1,120,1,1,13.977875452313373,411
https://openalex.org/A5112600170,Walter R. Johnson,1,170,1,0,13.976474293565266,412
https://openalex.org/A5073527495,Randall L. Pouwels,1,119,1,1,13.961277846683982,413
https://openalex.org/A5045587346,Martin Kusch,1,118,1,1,13.94454134734295,414
https://openalex.org/A5062531767,Vivian Nutton,1,118,1,1,13.94454134734295,415
https://openalex.org/A5013383594,Roger Munting,1,118,1,1,13.94454134734295,416
https://openalex.org/A5057066009,Christopher G. A. Byrant,1,236,0,0,13.936120282270263,417
https://openalex.org/A5003440337,Mark Carey,1,117,1,1,13.927663610051221,418
https://openalex.org/A5067446384,Thomas R. Hanley,1,165,0,1,13.917122757273033,419
https://openalex.org/A5089857174,Heinrich A. Rommen,1,165,1,0,13.917122757273033,420
https://openalex.org/A5048704323,Edward N. Coffman,1,165,0,1,13.917122757273033,421
https://openalex.org/A5006748645,Gary John Previts,1,165,1,0,13.917122757273033,422
https://openalex.org/A5016614981,Jame B. Donegan,1,165,1,0,13.917122757273033,423
https://openalex.org/A5052017921,Maurice Keen,1,116,1,1,13.910642230715403,424
https://openalex.org/A5056628107,Theodore Friend,1,164,1,0,13.905038128361106,425
https://openalex.org/A5017751752,Ed. C. De Jesus,1,164,0,1,13.905038128361106,426
https://openalex.org/A5090285025,Michael Wintle,1,115,1,1,13.89347474333262,427
https://openalex.org/A5019756058,Thomas L. Haskell,1,163,1,0,13.892880036208343,428
https://openalex.org/A5038504856,Harold A. Waters,1,163,1,0,13.892880036208343,429
https://openalex.org/A5063243783,Flora Veit–Wild,1,163,0,1,13.892880036208343,430
https://openalex.org/A5069588848,Alfred McClung Lee,1,162,1,0,13.88064758217347,431
https://openalex.org/A5045621048,Alan Hodge,1,162,0,1,13.88064758217347,432
https://openalex.org/A5069273460,Paul Griffiths,1,162,1,0,13.88064758217347,433
https://openalex.org/A5048151569,Mark Jenner,1,162,0,1,13.88064758217347,434
https://openalex.org/A5112503864,N. Jardine,1,114,1,1,13.876158617846391,435
https://openalex.org/A5007534584,Sally Guttmacher,1,161,1,0,13.868339851024713,436
https://openalex.org/A5057250315,Timothy Lenoir,1,161,1,0,13.868339851024713,437
https://openalex.org/A5109241163,R. I. McCallum,1,113,1,1,13.858691257908882,438
https://openalex.org/A5025170313,Andreas Ortmann,1,160,1,0,13.855955910528872,439
https://openalex.org/A5112390914,Christopher Pelling,1,160,0,1,13.855955910528872,440
https://openalex.org/A5006852154,Carl Boeing,1,160,0,1,13.855955910528872,441
https://openalex.org/A5029515390,Christina S. Kraus,1,160,1,0,13.855955910528872,442
https://openalex.org/A5012504689,Robert J. Morris,1,159,0,1,13.843494811027599,443
https://openalex.org/A5052823319,Richard Rodger,1,112,1,1,13.841069998544572,444
https://openalex.org/A5067156599,Richard A. Gould,1,112,1,1,13.841069998544572,445
https://openalex.org/A5109998471,Mrinalini Sinha,1,112,1,1,13.841069998544572,446
https://openalex.org/A5060684397,Mika Pantzar,1,112,1,1,13.841069998544572,447
https://openalex.org/A5051349346,A. I. Pudovkin,1,223,0,0,13.823292103710079,448
https://openalex.org/A5037364267,Nishijima Sadao,1,111,1,1,13.823292103710079,449
https://openalex.org/A5089517092,Karl Christ,1,157,1,0,13.81833724661388,450
https://openalex.org/A5096747422,Lawrence H. Fuchs,1,156,0,1,13.80563879125656,451
https://openalex.org/A5096775879,Daniel W. Tuttle,1,156,1,0,13.80563879125656,452
https://openalex.org/A5111419862,S. G. Magnusson,1,110,1,1,13.805354763744559,453
https://openalex.org/A5110644494,Lou Taylor,1,110,1,1,13.805354763744559,454
https://openalex.org/A5023486394,Paul K. Drain,1,220,0,0,13.796325403035505,455
https://openalex.org/A5085875452,J.A. Mangan,1,155,0,1,13.79285919505902,456
https://openalex.org/A5019142693,William J. Baker,1,155,1,0,13.79285919505902,457
https://openalex.org/A5001331774,Frances A. Koestler,1,109,1,1,13.787255092704724,458
https://openalex.org/A5110899437,Dana Arnold,1,109,1,1,13.787255092704724,459
https://openalex.org/A5017908616,Herbert G. Gutman,1,154,0,1,13.779997414398439,460
https://openalex.org/A5098636594,Humbert S. Nelli,1,154,1,0,13.779997414398439,461
https://openalex.org/A5008804656,Hans Medick,1,108,1,1,13.768990125578178,462
https://openalex.org/A5055381600,Joseph Mali,1,108,1,1,13.768990125578178,463
https://openalex.org/A5112800980,B. W. E. Alford,1,153,1,0,13.767052385387204,464
https://openalex.org/A5061853159,Ian Phimister,1,153,0,1,13.767052385387204,465
https://openalex.org/A5109290338,Patricia R. Zimmermann,1,107,1,1,13.75055681536833,466
https://openalex.org/A5011301174,B.H. Stolte,1,107,1,1,13.75055681536833,467
https://openalex.org/A5034049840,Ewa Morawska,1,107,1,1,13.75055681536833,468
https://openalex.org/A5063798338,Tania McIntosh,1,107,1,1,13.75055681536833,469
https://openalex.org/A5004568848,Lynne Viola,1,151,1,0,13.740908222252498,470
https://openalex.org/A5108657477,Moshé Lewin,1,151,0,1,13.740908222252498,471
https://openalex.org/A5008955743,Douglas E. Oakman,1,150,1,0,13.727706854189794,472
https://openalex.org/A5034594419,Wolfgang Stegemann,1,150,0,1,13.727706854189794,473
https://openalex.org/A5044952666,L. Finette,1,149,1,0,13.714417768752456,474
https://openalex.org/A5035788267,Elizabeth Tonkin,1,149,1,0,13.714417768752456,475
https://openalex.org/A5066523547,Janet Lloyd,1,149,0,1,13.714417768752456,476
https://openalex.org/A5036771937,J. Chappell H. Lawson,1,149,1,0,13.714417768752456,477
https://openalex.org/A5001550202,G. D. Wilcoxon,1,149,1,0,13.714417768752456,478
https://openalex.org/A5060159968,Jon Clark,1,211,0,0,13.713172549344025,479
https://openalex.org/A5021406974,Celia Modgil,1,211,0,0,13.713172549344025,480
https://openalex.org/A5058575128,Paul T. Burlin,1,148,1,0,13.701039792450864,481
https://openalex.org/A5005231144,Robert J. Penella,1,148,1,0,13.701039792450864,482
https://openalex.org/A5012364709,Louis A. Pérez,1,148,0,1,13.701039792450864,483
https://openalex.org/A5041287871,K. E. Fleming,1,103,1,1,13.675076159402636,484
https://openalex.org/A5113023521,S. Ν. Eisenstadt,1,146,1,0,13.674012354117417,485
https://openalex.org/A5003731548,Manning Nash,1,146,0,1,13.674012354117417,486
https://openalex.org/A5045287886,Bruce McConachie,1,145,0,1,13.660360423976618,487
https://openalex.org/A5109933147,C. H. Gimingham,1,145,1,0,13.660360423976618,488
https://openalex.org/A5112806871,Rosemarie K. Bank,1,145,1,0,13.660360423976618,489
https://openalex.org/A5024985655,John Sheail,1,145,0,1,13.660360423976618,490
https://openalex.org/A5032179003,Marlis Schweitzer,1,102,1,1,13.655752337579163,491
https://openalex.org/A5025858539,Tayeb El-Hibri,1,102,1,1,13.655752337579163,492
https://openalex.org/A5022284403,Shannon Jackson,1,102,1,1,13.655752337579163,493
https://openalex.org/A5042579723,Julie Hessler,1,102,1,1,13.655752337579163,494
https://openalex.org/A5079508688,Jill Blackmore,1,102,1,1,13.655752337579163,495
https://openalex.org/A5032813780,Sidney Littlefield Kasfir,1,101,1,1,13.636239987688432,496
https://openalex.org/A5008307183,Roy Jacques,1,101,1,1,13.636239987688432,497
https://openalex.org/A5109008459,John Marks,1,142,1,0,13.61883644107976,498
https://openalex.org/A5109876781,Ernst Mayr,1,100,1,1,13.61653539480241,499
https://openalex.org/A5112773792,Eric Van Young,1,100,1,1,13.61653539480241,500
https://openalex.org/A5012062925,Peter Aggleton,1,100,1,1,13.61653539480241,501
https://openalex.org/A5073346023,Stefan Berger,1,99,1,1,13.596634733096074,502
https://openalex.org/A5071683980,Michael Mollat,1,199,0,0,13.596634733096073,503
https://openalex.org/A5109160691,Carl E. Schorske,1,140,1,0,13.590666961316282,504
https://openalex.org/A5001406182,Michael S. Roth,1,140,1,0,13.590666961316282,505
https://openalex.org/A5042855727,Steve J. Stern,1,98,1,1,13.57653406138907,506
https://openalex.org/A5104063874,Allen J. Frank,1,98,1,1,13.57653406138907,507
https://openalex.org/A5039112312,R.L. Bernstein,1,139,1,0,13.576432025778553,508
https://openalex.org/A5018001688,George Williams,1,139,1,0,13.576432025778553,509
https://openalex.org/A5083994168,Sheldon Krimsky,1,139,0,1,13.576432025778553,510
https://openalex.org/A5062153267,Stewart J. Brown,1,138,1,0,13.562095046821328,511
https://openalex.org/A5066993964,Callum Brown,1,138,0,1,13.562095046821328,512
https://openalex.org/A5001070384,Panayotis Tournikiotis,1,97,1,1,13.556229318461035,513
https://openalex.org/A5110553417,Kenneth Hudson,1,97,1,1,13.556229318461035,514
https://openalex.org/A5003532573,Michael Sanderson,1,137,1,0,13.547654550874356,515
https://openalex.org/A5090371914,Cyril Ehrlich,1,137,0,1,13.547654550874356,516
https://openalex.org/A5089861117,William J. Samarin,1,96,1,1,13.535716318126656,517
https://openalex.org/A5056880545,Sueann Caulfield,1,96,1,1,13.535716318126656,518
https://openalex.org/A5003784702,Robert Darnton,1,96,1,1,13.535716318126656,519
https://openalex.org/A5085909520,William B. Kory,1,136,1,0,13.533109032216196,520
https://openalex.org/A5088860696,Albert J. Mills,1,136,0,1,13.533109032216196,521
https://openalex.org/A5001709850,Victor Piché,1,136,0,1,13.533109032216196,522
https://openalex.org/A5083260512,Gabrielle Durepos,1,136,1,0,13.533109032216196,523
https://openalex.org/A5108490335,Abraham L. Udovitch,1,135,0,1,13.51845695203205,524
https://openalex.org/A5052966795,W. Boyd Rayward,1,95,1,1,13.514990744055563,525
https://openalex.org/A5008313187,Hamid Naficy,1,95,1,1,13.514990744055563,526
https://openalex.org/A5109806129,Frank Swetz,1,95,1,1,13.514990744055563,527
https://openalex.org/A5005827628,Frank ̈Crüsemann,1,95,1,1,13.514990744055563,528
https://openalex.org/A5014952563,Peter Bailey,1,134,1,0,13.503696737436805,529
https://openalex.org/A5004791131,Michael Beaney,1,94,1,1,13.494048144320972,530
https://openalex.org/A5086549361,John F. McDiarmid,1,93,1,1,13.472883925659898,531
https://openalex.org/A5022192392,Kristina Milnor,1,93,1,1,13.472883925659898,532
https://openalex.org/A5066990155,Samuel Moyn,1,93,1,1,13.472883925659898,533
https://openalex.org/A5112377776,Sarah Moss,1,93,1,1,13.472883925659898,534
https://openalex.org/A5113142244,John Ellis,1,93,1,1,13.472883925659898,535
https://openalex.org/A5008484708,Tony Judt,1,93,1,1,13.472883925659898,536
https://openalex.org/A5011047265,Joachim Scharloth,1,186,0,0,13.462217233709174,537
https://openalex.org/A5110157744,Bonnie Bullough,1,130,0,1,13.443541826962248,538
https://openalex.org/A5000775081,Vern L. Bullough,1,130,1,0,13.443541826962248,539
https://openalex.org/A5031306144,A.A.P.O. Janssens,1,91,1,1,13.429871515217972,540
https://openalex.org/A5001555496,E. D. Mackerness,1,129,0,1,13.42821608147111,541
https://openalex.org/A5027203600,Donald M. McCorkle,1,129,1,0,13.42821608147111,542
https://openalex.org/A5102103680,Max Weber,1,128,1,0,13.41277198928329,543
https://openalex.org/A5113310136,E. Matthews,1,128,0,1,13.41277198928329,544
https://openalex.org/A5108777365,Maris A. Vinovskis,1,127,1,0,13.39720770839918,545
https://openalex.org/A5013250982,John M. Doris,1,126,0,1,13.381521353477128,546
https://openalex.org/A5085957651,Seymour B. Sarason,1,126,1,0,13.381521353477128,547
https://openalex.org/A5048511305,T. C. Smout,1,126,0,1,13.381521353477128,548
https://openalex.org/A5113739111,Thomas E. Lewis,1,126,1,0,13.381521353477128,549
https://openalex.org/A5035448568,J. J. Lee,1,126,1,0,13.381521353477128,550
https://openalex.org/A5084155038,Paul Vaucher,1,125,1,0,13.365710994462901,551
https://openalex.org/A5110936156,Dennis Moore,1,125,1,0,13.365710994462901,552
https://openalex.org/A5075394024,C.A. MacDonald,1,125,0,1,13.365710994462901,553
https://openalex.org/A5060575166,Joseph Schacht,1,125,1,0,13.365710994462901,554
https://openalex.org/A5004590480,Cathy N. Davidson,1,125,0,1,13.365710994462901,555
https://openalex.org/A5017278803,L. W. Lanham,1,125,1,0,13.365710994462901,556
https://openalex.org/A5076280886,Kenneth Lipartito,1,88,1,1,13.36356710058417,557
https://openalex.org/A5080722118,Amy Nelson Burnett,1,88,1,1,13.36356710058417,558
https://openalex.org/A5110230933,Masalha Nur,1,88,1,1,13.36356710058417,559
https://openalex.org/A5027502666,Christopher Pierson,1,88,1,1,13.36356710058417,560
https://openalex.org/A5036663797,Christina Kotchemidova,1,87,1,1,13.340967990076305,561
https://openalex.org/A5032472853,Jakub Pigoń,1,87,1,1,13.340967990076305,562
https://openalex.org/A5113032488,Stephen O. Murray,1,123,0,1,13.33371031177002,563
https://openalex.org/A5045057066,H. A. Gleason,1,123,1,0,13.33371031177002,564
https://openalex.org/A5036059827,Marvin Lazerson,1,123,1,0,13.33371031177002,565
https://openalex.org/A5013673509,David Nasaw,1,123,0,1,13.33371031177002,566
https://openalex.org/A5108344928,Robin Law,1,86,1,1,13.318110598429058,567
https://openalex.org/A5098051414,Richard Von Glahn,1,86,1,1,13.318110598429058,568
https://openalex.org/A5109091652,K. E. Fleming,1,86,1,1,13.318110598429058,569
https://openalex.org/A5065588352,Mark Harrison,1,122,0,1,13.31751589130478,570
https://openalex.org/A5112539157,Biswamoy Pati,1,122,1,0,13.31751589130478,571
https://openalex.org/A5029696783,Daniel O’Connor,1,172,0,0,13.306583188995559,572
https://openalex.org/A5103155731,Chén C. Kenyon,1,121,1,0,13.301189270026459,573
https://openalex.org/A5062958512,Barry Zuckerman,1,121,0,1,13.301189270026459,574
https://openalex.org/A5012039797,Lesley A. Beaumont,1,85,1,1,13.294988953626905,575
https://openalex.org/A5027397806,Paul Nugent,1,84,1,1,13.271596874100524,576
https://openalex.org/A5027028267,Hugh Macmillan,1,84,1,1,13.271596874100524,577
https://openalex.org/A5021411071,Roger L. Emerson,1,119,1,0,13.268130666124037,578
https://openalex.org/A5112535322,Catharine Newbury,1,119,0,1,13.268130666124037,579
https://openalex.org/A5018513832,David Newbury,1,119,1,0,13.268130666124037,580
https://openalex.org/A5064055296,Anand C. Chitnis,1,119,0,1,13.268130666124037,581
https://openalex.org/A5073613455,Federico Romero,1,83,1,1,13.247927958806518,582
https://openalex.org/A5056291299,Donald P. Little,1,83,1,1,13.247927958806518,583
https://openalex.org/A5060639970,Philip Benedict,1,117,1,0,13.234516429491276,584
https://openalex.org/A5071970265,Dana L. Robert,1,117,0,1,13.234516429491276,585
https://openalex.org/A5009919587,Martin S. Pernick,1,117,1,0,13.234516429491276,586
https://openalex.org/A5075252510,Gretchen E. Minton,1,117,0,1,13.234516429491276,587
https://openalex.org/A5066113669,Rui Kohiyama,1,117,1,0,13.234516429491276,588
https://openalex.org/A5015225052,E. Richard Brown,1,117,0,1,13.234516429491276,589
https://openalex.org/A5015314256,Ebru Boyar,1,117,1,0,13.234516429491276,590
https://openalex.org/A5109121305,Kate Fleet,1,117,0,1,13.234516429491276,591
https://openalex.org/A5111366592,Ted Benton,1,82,1,1,13.223975576713087,592
https://openalex.org/A5109330760,Clive Holmes,1,82,1,1,13.223975576713087,593
https://openalex.org/A5044431497,Benson Tong,1,116,1,0,13.217495050155458,594
https://openalex.org/A5074806464,Judy Yung,1,116,0,1,13.217495050155458,595
https://openalex.org/A5051068737,Alfred W. McCoy,1,164,0,0,13.21189094780116,596
https://openalex.org/A5064477683,Rudolph van Zantwijk,1,115,0,1,13.200327562772674,597
https://openalex.org/A5008179469,Martin Mulligan,1,115,1,0,13.200327562772674,598
https://openalex.org/A5008107902,Stuart B. Hill,1,115,0,1,13.200327562772674,599
https://openalex.org/A5018888780,Stephen A. Colston,1,115,1,0,13.200327562772674,600
https://openalex.org/A5012351765,Nur Masalha,1,81,1,1,13.199732855648397,601
https://openalex.org/A5056531241,Marcus Rediker,1,81,1,1,13.199732855648397,602
https://openalex.org/A5065850918,Susie L. Steinbach,1,81,1,1,13.199732855648397,603
https://openalex.org/A5045707838,Boaz Shoshan,1,81,1,1,13.199732855648397,604
https://openalex.org/A5087793443,Uroš Matić,1,81,1,1,13.199732855648397,605
https://openalex.org/A5068912149,Michiel Baud,1,162,0,0,13.187500401613525,606
https://openalex.org/A5081463645,Robert Graves,1,162,0,0,13.187500401613525,607
https://openalex.org/A5063082546,Frederick E. Ellis,1,114,1,0,13.183011437286446,608
https://openalex.org/A5109372376,Robert H. Beck,1,114,0,1,13.183011437286446,609
https://openalex.org/A5103291030,Arja Nurmi,1,80,1,1,13.175192670464769,610
https://openalex.org/A5015254634,Carol Gluck,1,80,1,1,13.175192670464769,611
https://openalex.org/A5063221910,Susanna Elm,1,80,1,1,13.175192670464769,612
https://openalex.org/A5034006002,C. B. Phillips,1,113,1,0,13.165544077348937,613
https://openalex.org/A5024702843,John Fitzgerald,1,160,0,0,13.162808729968926,614
https://openalex.org/A5110885003,Heleen Sancisi-Weerdenburg,1,160,0,0,13.162808729968926,615
https://openalex.org/A5017704198,Mary Jaeger,1,160,0,0,13.162808729968926,616
https://openalex.org/A5028247264,David Schaberg,1,160,0,0,13.162808729968926,617
https://openalex.org/A5016206598,D. S. Levene,1,160,0,0,13.162808729968926,618
https://openalex.org/A5014781634,Alexander Uchitel,1,160,0,0,13.162808729968926,619
https://openalex.org/A5039003977,Timothy Rood,1,160,0,0,13.162808729968926,620
https://openalex.org/A5057439776,Piotr Michałowski,1,160,0,0,13.162808729968926,621
https://openalex.org/A5021136928,Thomas M. Bolin,1,160,0,0,13.162808729968926,622
https://openalex.org/A5048083127,Wai-yee Li,1,160,0,0,13.162808729968926,623
https://openalex.org/A5063507534,Gillian Sutherland,1,159,0,0,13.150347630467653,624
https://openalex.org/A5109269426,John Inglis,1,79,1,1,13.150347630467653,625
https://openalex.org/A5109397185,Pat Thane,1,159,0,0,13.150347630467653,626
https://openalex.org/A5009329334,Shira Wolosky,1,79,1,1,13.150347630467653,627
https://openalex.org/A5076500712,James Obelkevich,1,159,0,0,13.150347630467653,628
https://openalex.org/A5077686113,Virgínia Berridge,1,159,0,0,13.150347630467653,629
https://openalex.org/A5026965067,Frank Prochaska,1,159,0,0,13.150347630467653,630
https://openalex.org/A5108713093,Stuart W. Leslie,1,112,1,0,13.147922817984627,631
https://openalex.org/A5051405483,Reed Ueda,1,111,0,1,13.130144923150134,632
https://openalex.org/A5112557332,David M. Reimers,1,111,1,0,13.130144923150134,633
https://openalex.org/A5024309873,Ayelet Haimson Lushkov,1,78,1,1,13.125190066053934,634
https://openalex.org/A5086664752,Whitney Pow,1,78,1,1,13.125190066053934,635
https://openalex.org/A5102743124,Shahzad Bashir,1,78,1,1,13.125190066053934,636
https://openalex.org/A5007652299,David Konstan,1,110,1,0,13.112207583184613,637
https://openalex.org/A5060590022,J. E. Lendon,1,77,1,1,13.099712014499074,638
https://openalex.org/A5106070881,Jeremy Stevenson,1,77,1,1,13.099712014499074,639
https://openalex.org/A5040031665,Peter Stansky,1,109,1,0,13.094107912144779,640
https://openalex.org/A5079735136,Elias N. Saad,1,108,0,1,13.075842945018232,641
https://openalex.org/A5082268158,Louis Brenner,1,108,1,0,13.075842945018232,642
https://openalex.org/A5112163069,Patricia Buckley Ebrey,1,108,1,0,13.075842945018232,643
https://openalex.org/A5084251949,S. L. Cline,1,108,0,1,13.075842945018232,644
https://openalex.org/A5090534742,John W. Chaffee,1,108,0,1,13.075842945018232,645
https://openalex.org/A5032263531,Jonathan P. Berkey,1,108,0,1,13.075842945018232,646
https://openalex.org/A5109418966,Pedro Carrasco,1,108,1,0,13.075842945018232,647
https://openalex.org/A5028171683,Craig H. Russell,1,107,1,0,13.057409634808385,648
https://openalex.org/A5108404522,Daphne A. Roe,1,107,0,1,13.057409634808385,649
https://openalex.org/A5029052706,David P. Szatmary,1,107,0,1,13.057409634808385,650
https://openalex.org/A5087354498,Marshall Scott Legan,1,107,1,0,13.057409634808385,651
https://openalex.org/A5086934220,David Mimno,1,75,1,1,13.047761041692553,652
https://openalex.org/A5064032645,Carolyn Nelson,1,75,1,1,13.047761041692553,653
https://openalex.org/A5034556675,Ekkehard W. Stegemann,1,150,0,0,13.034559673629849,654
https://openalex.org/A5016184297,Yvon Garlan,1,149,0,0,13.021270588192511,655
https://openalex.org/A5008637180,Tony Collins,1,74,1,1,13.021270588192511,656
https://openalex.org/A5066755016,Stephen Wagg,1,74,1,1,13.021270588192511,657
https://openalex.org/A5006623891,David Plotke,1,105,1,0,13.02002536878408,658
https://openalex.org/A5061867977,Alex Kozulin,1,104,0,1,13.001067880874992,659
https://openalex.org/A5103671327,Sheldon H. White,1,104,0,1,13.001067880874992,660
https://openalex.org/A5003220133,Urie Bronfenbrenner,1,104,1,0,13.001067880874992,661
https://openalex.org/A5000396128,C. P. D.,1,104,1,0,13.001067880874992,662
https://openalex.org/A5104074097,Deborah Posel,1,73,1,1,12.994424547528231,663
https://openalex.org/A5002020509,Christopher Maginn,1,73,1,1,12.994424547528231,664
https://openalex.org/A5053225076,Jeffrey Sklansky,1,73,1,1,12.994424547528231,665
https://openalex.org/A5078722802,Bernhard Palme,1,103,1,0,12.98192897884269,666
https://openalex.org/A5058019725,E. W. G.,1,103,1,0,12.98192897884269,667
https://openalex.org/A5074960293,George J. Koury,1,103,1,0,12.98192897884269,668
https://openalex.org/A5032204352,John Pimlott,1,103,0,1,12.98192897884269,669
https://openalex.org/A5079018247,Richard Alston,1,103,0,1,12.98192897884269,670
https://openalex.org/A5044691993,Gabriel Baer,1,103,0,1,12.98192897884269,671
https://openalex.org/A5012912368,David E. Allen,1,145,0,0,12.967213243416673,672
https://openalex.org/A5068300517,Amanda Anderson,1,72,1,1,12.967213243416673,673
https://openalex.org/A5090829298,Richard L. Kagan,1,102,1,0,12.962605157019217,674
https://openalex.org/A5109349566,José Rabasa,1,102,0,1,12.962605157019217,675
https://openalex.org/A5087968593,John Charles Chasteen,1,102,1,0,12.962605157019217,676
https://openalex.org/A5079683980,Deborah Pacini Hernández,1,102,0,1,12.962605157019217,677
https://openalex.org/A5073831663,E. Haribabu,1,101,1,0,12.943092807128487,678
https://openalex.org/A5069878970,Poonam Bala,1,101,0,1,12.943092807128487,679
https://openalex.org/A5110435747,John J. Appel,1,101,1,0,12.943092807128487,680
https://openalex.org/A5076592074,James G. Leyburn,1,101,0,1,12.943092807128487,681
https://openalex.org/A5109897044,Jennifer Terry,1,71,1,1,12.939626599152001,682
https://openalex.org/A5073707488,Karl Hack,1,71,1,1,12.939626599152001,683
https://openalex.org/A5086265523,Willem de Blécourt,1,71,1,1,12.939626599152001,684
https://openalex.org/A5111576988,W. Ashworth,1,100,1,0,12.923388214242465,685
https://openalex.org/A5029496522,V. D. Lipman,1,100,0,1,12.923388214242465,686
https://openalex.org/A5059630078,Steven F. Lawson,1,70,1,1,12.911654115202522,687
https://openalex.org/A5088167015,Stephen H. Rapp,1,70,1,1,12.911654115202522,688
https://openalex.org/A5110223264,Hugh Kennedy,1,70,1,1,12.911654115202522,689
https://openalex.org/A5043559630,Richard H. K. Vietor,1,99,1,0,12.903487552536129,690
https://openalex.org/A5071470124,David B. Danbom,1,99,1,0,12.903487552536129,691
https://openalex.org/A5026171646,Christian Warren,1,99,0,1,12.903487552536129,692
https://openalex.org/A5072771166,Scott Hamilton Dewey,1,99,1,0,12.903487552536129,693
https://openalex.org/A5037790488,Duncan J. Melville,1,69,1,1,12.88328484521861,694
https://openalex.org/A5012017914,Steven Fine,1,69,1,1,12.88328484521861,695
https://openalex.org/A5066231145,Peter Mandler,1,69,1,1,12.88328484521861,696
https://openalex.org/A5110497344,Helaine Silverman,1,69,1,1,12.88328484521861,697
https://openalex.org/A5090232572,Ludmilla Jordanova,1,69,1,1,12.88328484521861,698
https://openalex.org/A5029814083,Robert Mayer,1,69,1,1,12.88328484521861,699
https://openalex.org/A5106940726,Robert Pike,1,97,1,0,12.86308213790109,700
https://openalex.org/A5105570646,P. J. P. Goldberg,1,137,0,0,12.85450737031441,701
https://openalex.org/A5077561814,Arthur Alfaix Assis,1,68,1,1,12.85450737031441,702
https://openalex.org/A5109838209,Janet Burton,1,137,0,0,12.85450737031441,703
https://openalex.org/A5112180725,Valerie I. J. Flint,1,137,0,0,12.85450737031441,704
https://openalex.org/A5108361401,Michael Bentley,1,68,1,1,12.85450737031441,705
https://openalex.org/A5086992180,Peter Coss,1,137,0,0,12.85450737031441,706
https://openalex.org/A5086517358,Paul Strohm,1,137,0,0,12.85450737031441,707
https://openalex.org/A5058878860,Charles Phythian-Adams,1,137,0,0,12.85450737031441,708
https://openalex.org/A5114089525,Richard Britnell,1,137,0,0,12.85450737031441,709
https://openalex.org/A5039600266,Michael Prestwich,1,137,0,0,12.85450737031441,710
https://openalex.org/A5016875550,Robin Frame,1,137,0,0,12.85450737031441,711
https://openalex.org/A5005387518,Marybeth Gasman,1,68,1,1,12.85450737031441,712
https://openalex.org/A5064264108,Philippa Maddern,1,137,0,0,12.85450737031441,713
https://openalex.org/A5003902089,Bruce Campbell,1,137,0,0,12.85450737031441,714
https://openalex.org/A5030185312,Mavis Mate,1,137,0,0,12.85450737031441,715
https://openalex.org/A5003261604,Eamon Duffy,1,137,0,0,12.85450737031441,716
https://openalex.org/A5046435999,Maryanne Kowaleski,1,137,0,0,12.85450737031441,717
https://openalex.org/A5048059880,Wendy R. Childs,1,137,0,0,12.85450737031441,718
https://openalex.org/A5001865426,David Cressy,1,68,1,1,12.85450737031441,719
https://openalex.org/A5000308330,Simon Walker,1,137,0,0,12.85450737031441,720
https://openalex.org/A5008005883,Miri Rubin,1,137,0,0,12.85450737031441,721
https://openalex.org/A5059018824,Jack M. Sosin,1,96,1,0,12.842569137566711,722
https://openalex.org/A5007168154,Paul J. Vanderwood,1,96,1,0,12.842569137566711,723
https://openalex.org/A5109029378,John Ellis,1,96,0,1,12.842569137566711,724
https://openalex.org/A5102031499,J. Phoenix Smith,1,96,0,1,12.842569137566711,725
https://openalex.org/A5068348540,Oliver A. Rink,1,96,0,1,12.842569137566711,726
https://openalex.org/A5052316112,Theodore Ropp,1,96,1,0,12.842569137566711,727
https://openalex.org/A5109454259,Joël W. Gregory,1,136,0,0,12.83996185165625,728
https://openalex.org/A5077447510,Dennis D. Cordell,1,136,0,0,12.83996185165625,729
https://openalex.org/A5108193638,Robert W. Gordon,1,67,1,1,12.825309771472105,730
https://openalex.org/A5084266277,Kerry Segrave,1,67,1,1,12.825309771472105,731
https://openalex.org/A5112714882,William R. Newman,1,67,1,1,12.825309771472105,732
https://openalex.org/A5072626994,A.J. Woodman,1,67,1,1,12.825309771472105,733
https://openalex.org/A5101468963,Jonathan Bennett,1,67,1,1,12.825309771472105,734
https://openalex.org/A5110768421,Richard E. Wood,1,67,1,1,12.825309771472105,735
https://openalex.org/A5035672971,Joseph Interrante,1,94,1,0,12.800900963761027,736
https://openalex.org/A5030124002,Richard A. Goldthwaite,1,94,0,1,12.800900963761027,737
https://openalex.org/A5033013844,David Gartman,1,94,0,1,12.800900963761027,738
https://openalex.org/A5010975771,Clive Whitehead,1,66,1,1,12.795679599901822,739
https://openalex.org/A5019919489,Massimo Introvigne,1,66,1,1,12.795679599901822,740
https://openalex.org/A5081806455,Lucio Bertelli,1,66,1,1,12.795679599901822,741
https://openalex.org/A5053319950,Pamela Beth Radcliff,1,93,1,0,12.779736745099953,742
https://openalex.org/A5002989613,Alan Kidd,1,65,1,1,12.765603845172741,743
https://openalex.org/A5054847605,J�rgen Habermas,1,65,1,1,12.765603845172741,744
https://openalex.org/A5058833616,Perez Zagorin,1,65,1,1,12.765603845172741,745
https://openalex.org/A5075174670,Noble Frankland,1,65,1,1,12.765603845172741,746
https://openalex.org/A5022930519,W. D. Rubinstein,1,92,1,0,12.758346166866458,747
https://openalex.org/A5071566793,Elmar Schenkel,1,91,1,0,12.736724334658026,748
https://openalex.org/A5020466477,Nigel Worden,1,91,1,0,12.736724334658026,749
https://openalex.org/A5087357880,Vivian Bickford‐Smith,1,91,0,1,12.736724334658026,750
https://openalex.org/A5042184721,John Michael,1,91,1,0,12.736724334658026,751
https://openalex.org/A5110058837,Emmanuel Chiwome,1,64,1,1,12.735068900911164,752
https://openalex.org/A5077478842,Anthony Kaldellis,1,64,1,1,12.735068900911164,753
https://openalex.org/A5080879727,W. G. Runciman,1,128,0,0,12.719624808723344,754
https://openalex.org/A5112506124,Rita M. Gross,1,90,0,1,12.714866193593645,755
https://openalex.org/A5078542842,Robert A. Pois,1,90,1,0,12.714866193593645,756
https://openalex.org/A5061612321,Roy C. Amore,1,90,1,0,12.714866193593645,757
https://openalex.org/A5047003887,Deborah Boedeker,1,63,1,1,12.704060527839234,758
https://openalex.org/A5073970265,William Selinger,1,63,1,1,12.704060527839234,759
https://openalex.org/A5024913483,Gavin D. Brockett,1,63,1,1,12.704060527839234,760
https://openalex.org/A5067616254,Ronald E. Butchart,1,63,1,1,12.704060527839234,761
https://openalex.org/A5110121687,Alan Trachtenberg,1,89,1,0,12.692766521220475,762
https://openalex.org/A5051105601,Harry J. Benda,1,89,1,0,12.692766521220475,763
https://openalex.org/A5068523149,Nancy K. Ota,1,89,0,1,12.692766521220475,764
https://openalex.org/A5022597670,Soedjatmoko,1,89,0,1,12.692766521220475,765
https://openalex.org/A5111371791,L. M. Cullen,1,126,0,0,12.688374172917182,766
https://openalex.org/A5055112920,Dan N. Stone,1,62,1,1,12.672563813902956,767
https://openalex.org/A5081973639,Dennis Brailsford,1,62,1,1,12.672563813902956,768
https://openalex.org/A5110272127,Norman R. Baker,1,88,0,1,12.670419920024225,769
https://openalex.org/A5045451047,J. H. Plumb,1,87,1,0,12.64782080951636,770
https://openalex.org/A5022062830,John M. Hobson,1,61,1,1,12.640563131210074,771
https://openalex.org/A5078955873,William M. Schniedewind,1,61,1,1,12.640563131210074,772
https://openalex.org/A5108216963,Marion Leonard,1,61,1,1,12.640563131210074,773
https://openalex.org/A5113633704,Elizabeth P. Rice,1,60,1,1,12.608042089466514,774
https://openalex.org/A5112736319,Benjamin Soares,1,60,1,1,12.608042089466514,775
https://openalex.org/A5106131841,Frank Ankersmit,1,60,1,1,12.608042089466514,776
https://openalex.org/A5022398196,Megan Sandel,1,121,0,0,12.608042089466514,777
https://openalex.org/A5110412553,Michael Silverstein,1,121,0,0,12.608042089466514,778
https://openalex.org/A5015175892,Alefiya Shakir,1,121,0,0,12.608042089466514,779
https://openalex.org/A5027925174,William T. O'Dea,1,60,1,1,12.608042089466514,780
https://openalex.org/A5112079741,Rudolf Schmid,1,85,1,0,12.60184177306696,781
https://openalex.org/A5096865713,Robert M. Mennel,1,85,1,0,12.60184177306696,782
https://openalex.org/A5069228961,Bill Lancaster,1,85,0,1,12.60184177306696,783
https://openalex.org/A5111386470,Adeline Levine,1,85,0,1,12.60184177306696,784
https://openalex.org/A5043370230,Kirill Nourzhanov,1,84,1,0,12.578449693540579,785
https://openalex.org/A5006785962,Christian Bleuer,1,84,0,1,12.578449693540579,786
https://openalex.org/A5037720252,W. H. G. Armytage,1,59,1,1,12.574983485564092,787
https://openalex.org/A5002960062,Seth Garfield,1,59,1,1,12.574983485564092,788
https://openalex.org/A5066602769,Sebastian R. Prange,1,59,1,1,12.574983485564092,789
https://openalex.org/A5004694298,A.D. Wilson,1,83,0,1,12.554780778246572,790
https://openalex.org/A5081177989,Adam Fox,1,83,1,0,12.554780778246572,791
https://openalex.org/A5113736237,David Rosner,1,117,0,0,12.54136924893133,792
https://openalex.org/A5072001330,Steven Gunn,1,58,1,1,12.54136924893133,793
https://openalex.org/A5011955602,Jan Kandiyali,1,58,1,1,12.54136924893133,794
https://openalex.org/A5020860253,Richard Maltby,1,58,1,1,12.54136924893133,795
https://openalex.org/A5003525051,Otto Zwartjes,1,58,1,1,12.54136924893133,796
https://openalex.org/A5023644937,Susan M. Reverby,1,117,0,0,12.54136924893133,797
https://openalex.org/A5103070447,Mark Connelly,1,57,1,1,12.507180382212729,798
https://openalex.org/A5059475983,Javier Villa-Flores,1,57,1,1,12.507180382212729,799
https://openalex.org/A5098419003,Claus-Peter Clasen,1,81,1,0,12.506585675088452,800
https://openalex.org/A5110436241,Rosanne Rutten,1,81,0,1,12.506585675088452,801
https://openalex.org/A5110419476,Michiel Baud,1,81,1,0,12.506585675088452,802
https://openalex.org/A5042106884,Jan Swearingen,1,81,0,1,12.506585675088452,803
https://openalex.org/A5030957777,Jonathan W. Zophy,1,81,0,1,12.506585675088452,804
https://openalex.org/A5085577899,James J. Murphy,1,81,1,0,12.506585675088452,805
https://openalex.org/A5030202144,Anjali Arondekar,1,56,1,1,12.472396896788991,806
https://openalex.org/A5099481779,Momigliano Donanto,1,56,1,1,12.472396896788991,807
https://openalex.org/A5108605531,Paul Addison,1,56,1,1,12.472396896788991,808
https://openalex.org/A5097892810,David McCreery,1,79,1,0,12.457200449907708,809
https://openalex.org/A5100863994,J. D. Marshall,1,79,1,0,12.457200449907708,810
https://openalex.org/A5041893887,Norman McCord,1,79,0,1,12.457200449907708,811
https://openalex.org/A5097918351,Norman Schwartz,1,79,0,1,12.457200449907708,812
https://openalex.org/A5078281347,Kamal Soleimani,1,55,1,1,12.43699774259019,813
https://openalex.org/A5077794062,Scott F. Gilbert,1,55,1,1,12.43699774259019,814
https://openalex.org/A5110413759,John P. Fox,1,55,1,1,12.43699774259019,815
https://openalex.org/A5069572308,Alan Cobley,1,55,1,1,12.43699774259019,816
https://openalex.org/A5013567027,Joshua Sternfeld,1,55,1,1,12.43699774259019,817
https://openalex.org/A5112327367,Robin Law,1,55,1,1,12.43699774259019,818
https://openalex.org/A5072022701,Andrew F. Beck,1,78,1,0,12.432042885493988,819
https://openalex.org/A5083088355,Robert S. Kahn,1,78,0,1,12.432042885493988,820
https://openalex.org/A5007165534,Keith Nield,1,77,0,1,12.406564833939129,821
https://openalex.org/A5083023788,Ivo Schneider,1,77,0,1,12.406564833939129,822
https://openalex.org/A5056400866,Herbert Mehrtens,1,77,1,0,12.406564833939129,823
https://openalex.org/A5074815883,Caroline T. Marshall,1,54,1,1,12.400960731584833,824
https://openalex.org/A5017372914,Peter Bloom,1,76,0,1,12.380758024267314,825
https://openalex.org/A5006609000,Jane M. Fulcher,1,76,1,0,12.380758024267314,826
https://openalex.org/A5008228509,Venetia Murray,1,53,1,1,12.36426245424844,827
https://openalex.org/A5109224321,Patricia Thane,1,53,1,1,12.36426245424844,828
https://openalex.org/A5020379814,Neil Gregor,1,53,1,1,12.36426245424844,829
https://openalex.org/A5073306221,Nicole Mockler,1,53,1,1,12.36426245424844,830
https://openalex.org/A5054831137,Dmitri Williams,1,53,1,1,12.36426245424844,831
https://openalex.org/A5113698062,Eileen O’Neill,1,75,1,0,12.354613861132608,832
https://openalex.org/A5070168070,Marcy P. Lascano,1,75,0,1,12.354613861132608,833
https://openalex.org/A5053456156,J. K. Shryock,1,74,1,0,12.328123407632566,834
https://openalex.org/A5109332057,C. S. Gardner,1,74,0,1,12.328123407632566,835
https://openalex.org/A5022682096,Giovanna Ceserani,1,52,1,1,12.326878188224136,836
https://openalex.org/A5037382587,Benedict Carton,1,52,1,1,12.326878188224136,837
https://openalex.org/A5084737511,John Bush Jones,1,52,1,1,12.326878188224136,838
https://openalex.org/A5055471630,J. Norman Parmer,1,52,1,1,12.326878188224136,839
https://openalex.org/A5071359046,Gülru Neci̇poğlu,1,52,1,1,12.326878188224136,840
https://openalex.org/A5044692959,Frank Kessel,1,104,0,0,12.307920700315046,841
https://openalex.org/A5028054993,William Kessen,1,104,0,0,12.307920700315046,842
https://openalex.org/A5018748855,Roger Price,1,51,1,1,12.288781798282745,843
https://openalex.org/A5103886863,Carla Rahn Phillips,1,51,1,1,12.288781798282745,844
https://openalex.org/A5042694572,Alun Howkins,1,51,1,1,12.288781798282745,845
https://openalex.org/A5111375242,Robert Black,1,50,1,1,12.249945626568543,846
https://openalex.org/A5074735762,Mario Dunkel,1,50,1,1,12.249945626568543,847
https://openalex.org/A5043372358,Kenneth Pomeranz,1,50,1,1,12.249945626568543,848
https://openalex.org/A5064109311,Rüdiger Graf,1,50,1,1,12.249945626568543,849
https://openalex.org/A5013440460,Ian Pearson,1,71,0,1,12.246479418592056,850
https://openalex.org/A5087549485,Hazel Lacohée,1,71,1,0,12.246479418592056,851
https://openalex.org/A5035732436,John McCracken,1,70,1,0,12.218506934642576,852
https://openalex.org/A5038168796,David Maxwell,1,70,0,1,12.218506934642576,853
https://openalex.org/A5047673823,Wolfgang-Rainer Mann,1,49,1,1,12.210340371976184,854
https://openalex.org/A5086724372,Kenneth Swindell,1,49,1,1,12.210340371976184,855
https://openalex.org/A5047184597,James Vernon,1,49,1,1,12.210340371976184,856
https://openalex.org/A5012396674,Arthur W. Calhoun,1,69,0,1,12.190137664658664,857
https://openalex.org/A5109802358,James G. Stevens,1,69,1,0,12.190137664658664,858
https://openalex.org/A5074002997,Elizabeth Fox‐Genovese,1,69,1,0,12.190137664658664,859
https://openalex.org/A5072174241,Eleonora Genovese,1,69,0,1,12.190137664658664,860
https://openalex.org/A5072841462,Willem Floor,1,48,1,1,12.169934957341145,861
https://openalex.org/A5027990705,Adam M. Kemezis,1,48,1,1,12.169934957341145,862
https://openalex.org/A5109405922,Sandra E. Greene,1,68,1,0,12.161360189754465,863
https://openalex.org/A5014310023,Emmanuel Akyeampong,1,68,0,1,12.161360189754465,864
https://openalex.org/A5002310454,John Alden Williams,1,68,1,0,12.161360189754465,865
https://openalex.org/A5028766202,Robert Sklar,1,96,0,0,12.149421957006766,866
https://openalex.org/A5054027531,Brad D. E. Jarvis,1,67,1,0,12.13216259091216,867
https://openalex.org/A5038662399,Dong-Choon Kim,1,67,1,0,12.13216259091216,868
https://openalex.org/A5004476767,David M. Kennedy,1,67,1,0,12.13216259091216,869
https://openalex.org/A5084754124,Sung-ok Kim,1,67,0,1,12.13216259091216,870
https://openalex.org/A5059757626,Maureen Konkle,1,67,0,1,12.13216259091216,871
https://openalex.org/A5005576991,Holly J. Hager,1,47,1,1,12.128696382935672,872
https://openalex.org/A5052233478,Koen De Ceuster,1,47,1,1,12.128696382935672,873
https://openalex.org/A5110873387,Seymour Becker,1,46,1,1,12.086589564540008,874
https://openalex.org/A5067414759,Gordon Rimmer,1,65,1,0,12.072456664612796,875
https://openalex.org/A5103265842,James W. Russell,1,65,1,0,12.072456664612796,876
https://openalex.org/A5089810912,W. E. van Heyningen,1,91,0,0,12.043577154098081,877
https://openalex.org/A5016330143,Israel Eph‘al,1,45,1,1,12.043577154098081,878
https://openalex.org/A5109840133,David Oldroyd,1,45,1,1,12.043577154098081,879
https://openalex.org/A5002687493,David Gold,1,45,1,1,12.043577154098081,880
https://openalex.org/A5038107164,Susan Thorne,1,64,0,1,12.041921720351219,881
https://openalex.org/A5005887898,Paul Harvey,1,63,0,1,12.010913347279288,882
https://openalex.org/A5014916014,Kevin Schultz,1,63,1,0,12.010913347279288,883
https://openalex.org/A5036865577,Hannah Phillips,1,44,1,1,11.99961934066053,884
https://openalex.org/A5063807054,Marcia Schmidt Blaine,1,89,0,0,11.99961934066053,885
https://openalex.org/A5018613994,Carola Lipp,1,89,0,0,11.99961934066053,886
https://openalex.org/A5102912565,J. de V. Allen,1,44,1,1,11.99961934066053,887
https://openalex.org/A5085677711,Elizabeth Rapley,1,44,1,1,11.99961934066053,888
https://openalex.org/A5105688125,Gilbert Shapiro,1,89,0,0,11.99961934066053,889
https://openalex.org/A5090719333,John Haldon,1,44,1,1,11.99961934066053,890
https://openalex.org/A5050846615,Potukuchi Swarnalatha,1,89,0,0,11.99961934066053,891
https://openalex.org/A5087243561,Andreas Würgler,1,89,0,0,11.99961934066053,892
https://openalex.org/A5002522451,Cecilia Nubola,1,89,0,0,11.99961934066053,893
https://openalex.org/A5042730483,Rebecca Nedostup,1,89,0,0,11.99961934066053,894
https://openalex.org/A5095604393,Ken Lunn,1,89,0,0,11.99961934066053,895
https://openalex.org/A5112394340,Oleg G. Bukhovets,1,89,0,0,11.99961934066053,896
https://openalex.org/A5072956091,Asif Agha,1,44,1,1,11.99961934066053,897
https://openalex.org/A5000966404,Craig Calhoun,1,62,1,0,11.97941663334301,898
https://openalex.org/A5031245283,Christopher Lloyd,1,62,0,1,11.97941663334301,899
https://openalex.org/A5068484473,Arthur L. Stinchcombe,1,62,0,1,11.97941663334301,900
https://openalex.org/A5031751409,Mike Morris,1,43,1,1,11.954673628956414,901
https://openalex.org/A5112989233,Walid A. Saleh,1,43,1,1,11.954673628956414,902
https://openalex.org/A5068247272,Larry S. McGrath,1,43,1,1,11.954673628956414,903
https://openalex.org/A5048195946,Russell Davies,1,43,1,1,11.954673628956414,904
https://openalex.org/A5018533268,BARBARA BRODIE,1,61,0,1,11.947415950650129,905
https://openalex.org/A5101611220,Christopher Lloyd,1,61,0,1,11.947415950650129,906
https://openalex.org/A5029922628,Brooke Hindle,1,60,1,0,11.914894908906568,907
https://openalex.org/A5108567018,Michael J. Hogan,1,60,0,1,11.914894908906568,908
https://openalex.org/A5069906112,David C. Hendrickson,1,60,1,0,11.914894908906568,909
https://openalex.org/A5074940317,Hilary Beckles,1,42,1,1,11.908694592507015,910
https://openalex.org/A5104067331,Murray Levine,1,85,0,0,11.908694592507015,911
https://openalex.org/A5108416662,Wolf Liebeschuetz,1,42,1,1,11.908694592507015,912
https://openalex.org/A5089457251,Ágnes Pethő,1,42,1,1,11.908694592507015,913
https://openalex.org/A5068721258,Gottfried Mader,1,42,1,1,11.908694592507015,914
https://openalex.org/A5017639077,Dirk Westerkamp,1,42,1,1,11.908694592507015,915
https://openalex.org/A5046403800,Anne Helmond,1,59,1,0,11.881836305004146,916
https://openalex.org/A5101504690,John D. Fisher,1,59,1,0,11.881836305004146,917
https://openalex.org/A5002375662,John Benson,1,59,0,1,11.881836305004146,918
https://openalex.org/A5002431124,John H. M. Laslett,1,59,1,0,11.881836305004146,919
https://openalex.org/A5071602008,Fernando van der Vlist,1,59,0,1,11.881836305004146,920
https://openalex.org/A5008768629,Georgiy Kasianov,1,59,1,0,11.881836305004146,921
https://openalex.org/A5074947200,Philipp Ther,1,59,0,1,11.881836305004146,922
https://openalex.org/A5063459725,Franz Jakubowski,1,41,1,1,11.861633597686627,923
https://openalex.org/A5069043307,Daniel J. Walkowitz,1,41,1,1,11.861633597686627,924
https://openalex.org/A5038657952,Gelya Frank,1,41,1,1,11.861633597686627,925
https://openalex.org/A5102938996,Sebastian Conrad,1,41,1,1,11.861633597686627,926
https://openalex.org/A5020029200,Jörn Rüsen,1,41,1,1,11.861633597686627,927
https://openalex.org/A5005644323,Egidia Occhipinti,1,41,1,1,11.861633597686627,928
https://openalex.org/A5021581521,Alan Ryder,1,40,1,1,11.813438494528507,929
https://openalex.org/A5062165825,Sharon Crowley,1,81,0,0,11.813438494528507,930
https://openalex.org/A5024834552,James A. Berlin,1,81,0,0,11.813438494528507,931
https://openalex.org/A5112526300,Nan E. Johnson,1,81,0,0,11.813438494528507,932
https://openalex.org/A5001370341,Joanne Rappaport,1,81,0,0,11.813438494528507,933
https://openalex.org/A5020847219,Quintan Wiktorowicz,1,81,0,0,11.813438494528507,934
https://openalex.org/A5029573901,Richard Leo Enos,1,81,0,0,11.813438494528507,935
https://openalex.org/A5020645840,Lawrence P. Buck,1,81,0,0,11.813438494528507,936
https://openalex.org/A5112795158,T. HUNT,1,40,1,1,11.813438494528507,937
https://openalex.org/A5005666250,Stephen Dobbs,1,40,1,1,11.813438494528507,938
https://openalex.org/A5064719614,Marc Becker,1,81,0,0,11.813438494528507,939
https://openalex.org/A5107023743,Pablo S. Bose,1,81,0,0,11.813438494528507,940
https://openalex.org/A5055390314,Robert J. Connors,1,81,0,0,11.813438494528507,941
https://openalex.org/A5099645560,Baz Lecocq,1,81,0,0,11.813438494528507,942
https://openalex.org/A5106419964,Richard Price,1,40,1,1,11.813438494528507,943
https://openalex.org/A5099645559,Oskar Verkaaik,1,81,0,0,11.813438494528507,944
https://openalex.org/A5099645558,Sean Chabot,1,81,0,0,11.813438494528507,945
https://openalex.org/A5054156169,Victor J. Vitanza,1,81,0,0,11.813438494528507,946
https://openalex.org/A5098220445,P. Laven,1,40,1,1,11.813438494528507,947
https://openalex.org/A5034680829,Susan C. Jarratt,1,81,0,0,11.813438494528507,948
https://openalex.org/A5054359971,David Smilde,1,81,0,0,11.813438494528507,949
https://openalex.org/A5104006270,Steve Mason,1,56,1,0,11.779249716229046,950
https://openalex.org/A5011699661,Jürgen E. Müller,1,39,1,1,11.764053269347762,951
https://openalex.org/A5112712615,Robert Darby,1,39,1,1,11.764053269347762,952
https://openalex.org/A5049938177,Mark M. Smith,1,39,1,1,11.764053269347762,953
https://openalex.org/A5049190402,Jacqueline Urla,1,55,1,0,11.743850562030245,954
https://openalex.org/A5002368302,Melissa Klein,1,78,0,0,11.738895704934043,955
https://openalex.org/A5041930110,Peter D. G. Thomas,1,38,1,1,11.713417653379183,956
https://openalex.org/A5113433882,Henk J. M. Bos,1,77,0,0,11.713417653379183,957
https://openalex.org/A5104066610,Michael Pearson,1,53,1,0,11.671115273688494,958
https://openalex.org/A5074671139,Shelton Stromquist,1,53,0,1,11.671115273688494,959
https://openalex.org/A5033076875,Alex Jordan,1,53,1,0,11.671115273688494,960
https://openalex.org/A5056519487,Jeffrey N. Cox,1,53,1,0,11.671115273688494,961
https://openalex.org/A5019669894,Robert C. Brooks,1,53,0,1,11.671115273688494,962
https://openalex.org/A5082711418,Peter Gran,1,53,0,1,11.671115273688494,963
https://openalex.org/A5061463674,Stacy Wolf,1,37,1,1,11.661466680572662,964
https://openalex.org/A5038789523,Catherine Hall,1,37,1,1,11.661466680572662,965
https://openalex.org/A5104063935,John M. MacKenzie,1,52,0,1,11.63373100766419,966
https://openalex.org/A5048954853,Paul Griffin,1,52,0,1,11.63373100766419,967
https://openalex.org/A5058809420,David Featherstone,1,52,1,0,11.63373100766419,968
https://openalex.org/A5069135855,Marlene Park,1,52,1,0,11.63373100766419,969
https://openalex.org/A5068648152,Enrique Leff,1,36,1,1,11.608130186408339,970
https://openalex.org/A5041905145,Robert J. Lake,1,36,1,1,11.608130186408339,971
https://openalex.org/A5010654113,James A. Henretta,1,36,1,1,11.608130186408339,972
https://openalex.org/A5068970882,Roger E. Backhouse,1,51,1,0,11.5956346177228,973
https://openalex.org/A5051302704,Stephen Guy‐Bray,1,51,1,0,11.5956346177228,974
https://openalex.org/A5091729981,Will Stockton,1,51,0,1,11.5956346177228,975
https://openalex.org/A5069224813,Gary N. Knoppers,1,50,1,0,11.556798446008598,976
https://openalex.org/A5081324465,Konrad Koerner,1,50,0,1,11.556798446008598,977
https://openalex.org/A5069809839,Diana Edelman,1,50,0,1,11.556798446008598,978
https://openalex.org/A5062492155,Julia S. Falk,1,50,1,0,11.556798446008598,979
https://openalex.org/A5022069647,T. C. Mendenhall,1,50,1,0,11.556798446008598,980
https://openalex.org/A5065800482,Garry D. Carnegie,1,35,1,1,11.55333223803211,981
https://openalex.org/A5025816143,Mary Catherine Nolan,1,35,1,1,11.55333223803211,982
https://openalex.org/A5042183746,Nina Wakeford,1,71,0,0,11.55333223803211,983
https://openalex.org/A5064280756,Arthur R. Hogue,1,49,0,1,11.517193191416238,984
https://openalex.org/A5085892037,Frederick G. Kempin,1,49,1,0,11.517193191416238,985
https://openalex.org/A5025398350,Genevieve B. Melton,1,49,0,1,11.517193191416238,986
https://openalex.org/A5101917621,Elizabeth Chen,1,49,1,0,11.517193191416238,987
https://openalex.org/A5082881276,Rob Van der Bliek,1,34,1,1,11.496990484098717,988
https://openalex.org/A5109813372,Mark Olssen,1,34,1,1,11.496990484098717,989
https://openalex.org/A5071002804,Sandra Haarsager,1,48,1,0,11.4767877767812,990
https://openalex.org/A5112085726,Samuel P. Hays,1,48,0,1,11.4767877767812,991
https://openalex.org/A5005712506,Donna L. Halper,1,48,0,1,11.4767877767812,992
https://openalex.org/A5109663242,Francis G. Couvares,1,48,1,0,11.4767877767812,993
https://openalex.org/A5112801278,D. E. O'Connor,1,68,0,0,11.46821300919452,994
https://openalex.org/A5044891573,Philipp A. Maas,1,33,1,1,11.439015410352214,995
https://openalex.org/A5040731700,Gilbert C. Fite,1,47,1,0,11.435549202375727,996
https://openalex.org/A5007956570,George Latimer Apperson,1,32,1,1,11.37930948405285,997
https://openalex.org/A5004901891,Richard L. Sheldon,1,32,1,1,11.37930948405285,998
https://openalex.org/A5112198810,Charlotte Witt,1,32,1,1,11.37930948405285,999
https://openalex.org/A5017073644,Asa Briggs and Peter Burke,1,32,1,1,11.37930948405285,1000
https://openalex.org/A5042389735,Avram Taylor,1,45,0,1,11.350429973538136,1001
https://openalex.org/A5081690901,Raymond C. Miller,1,45,1,0,11.350429973538136,1002
https://openalex.org/A5081340913,Donald M. MacRaild,1,45,1,0,11.350429973538136,1003
https://openalex.org/A5102945198,William H. Miller,1,45,0,1,11.350429973538136,1004
https://openalex.org/A5053848993,Jörg Matthias Determann,1,31,1,1,11.317766166719345,1005
https://openalex.org/A5101825919,Steffan Davies,1,62,0,0,11.286269452783065,1006
https://openalex.org/A5005183481,Arthur J. Pomeroy,1,43,0,1,11.261526448396468,1007
https://openalex.org/A5112212110,John Modell,1,43,1,0,11.261526448396468,1008
https://openalex.org/A5061993300,Tim Parkin,1,43,1,0,11.261526448396468,1009
https://openalex.org/A5109517635,Albert Camarillo,1,43,1,0,11.261526448396468,1010
https://openalex.org/A5054366742,Richard Griswold del Castillo,1,43,0,1,11.261526448396468,1011
https://openalex.org/A5044937543,Rolf Tiedemann,1,30,1,1,11.254268770090183,1012
https://openalex.org/A5008690868,Daniel Wickberg,1,30,1,1,11.254268770090183,1013
https://openalex.org/A5034409087,Barbara Caine,1,30,1,1,11.254268770090183,1014
https://openalex.org/A5075267378,Christopher B. Krebs,1,60,0,0,11.221747728346623,1015
https://openalex.org/A5070672918,Eric Allina-Pisano,1,29,1,1,11.188689124444203,1016
https://openalex.org/A5077037343,Eileen Ka‐May Cheng,1,29,1,1,11.188689124444203,1017
https://openalex.org/A5007493602,Pau Klein,1,41,1,0,11.168486417126681,1018
https://openalex.org/A5052318154,Brendan O’Leary,1,41,0,1,11.168486417126681,1019
https://openalex.org/A5007406916,Robert McColl Millar,1,28,1,1,11.12088602109284,1020
https://openalex.org/A5070001021,Joshua Brown,1,28,1,1,11.12088602109284,1021
https://openalex.org/A5049911306,Паоло Сартори,1,28,1,1,11.12088602109284,1022
https://openalex.org/A5003738391,Carsten Hjort Lange,1,40,1,0,11.120291313968561,1023
https://openalex.org/A5006376627,Frederik Juliaan Vervaet,1,40,0,1,11.120291313968561,1024
https://openalex.org/A5020361006,Leslie Page Moch,1,40,0,1,11.120291313968561,1025
https://openalex.org/A5021988816,Owen Davies,1,40,0,1,11.120291313968561,1026
https://openalex.org/A5013694361,Edward K. Morris,1,40,1,0,11.120291313968561,1027
https://openalex.org/A5010761529,Jonathan Barry,1,40,1,0,11.120291313968561,1028
https://openalex.org/A5111620377,James H. Jackson,1,40,1,0,11.120291313968561,1029
https://openalex.org/A5055867803,Lisa Johnson,1,40,0,1,11.120291313968561,1030
https://openalex.org/A5073174844,Claire Eldridge,1,39,1,0,11.070906088787817,1031
https://openalex.org/A5037375637,Jennifer E. Sessions,1,39,0,1,11.070906088787817,1032
https://openalex.org/A5005476482,Julien Vincent,1,27,1,1,11.0507033814703,1033
https://openalex.org/A5076160028,Regina Markell Morantz,1,27,1,1,11.0507033814703,1034
https://openalex.org/A5077920776,Andrew I. Port,1,26,1,1,10.977968093128549,1035
https://openalex.org/A5052026448,Arif Dirlik,1,53,0,0,10.977968093128549,1036
https://openalex.org/A5013405936,Vinay Bahl,1,53,0,0,10.977968093128549,1037
https://openalex.org/A5029672912,Harriett Bradley,1,37,1,0,10.968319500012717,1038
https://openalex.org/A5051963458,Christine Meredith,1,37,0,1,10.968319500012717,1039
https://openalex.org/A5014935844,Jeffrey Richards,1,52,0,0,10.940583827104245,1040
https://openalex.org/A5082248907,Philippe Fontaine,1,51,0,0,10.902487437162854,1041
https://openalex.org/A5059243962,Helen F. North,1,25,1,1,10.902487437162854,1042
https://openalex.org/A5062584339,Vin Nardizzi,1,51,0,0,10.902487437162854,1043
https://openalex.org/A5040013663,Martyn Lyons,1,25,1,1,10.902487437162854,1044
https://openalex.org/A5109846786,Ruth Schwartz Cowan,1,35,0,1,10.860185057472165,1045
https://openalex.org/A5011440514,John A. Rapp,1,24,1,1,10.824046010856293,1046
https://openalex.org/A5090976052,Alan Harding,1,49,0,0,10.824046010856293,1047
https://openalex.org/A5032226211,Marilyn Lake,1,24,1,1,10.824046010856293,1048
https://openalex.org/A5086602697,Indra Neil Sarkar,1,49,0,0,10.824046010856293,1049
https://openalex.org/A5000243237,Henry Bernstein,1,24,1,1,10.824046010856293,1050
https://openalex.org/A5016878306,Sharad Manaktala,1,49,0,0,10.824046010856293,1051
https://openalex.org/A5031392135,Geert Reuten,1,24,1,1,10.824046010856293,1052
https://openalex.org/A5052384298,Antoinette Burton,1,24,1,1,10.824046010856293,1053
https://openalex.org/A5044912772,Mike Hickox,1,34,1,0,10.803843303538772,1054
https://openalex.org/A5034963752,Valerie Scatamburlo‐D’Annibale,1,34,1,0,10.803843303538772,1055
https://openalex.org/A5102764535,Peter McLaren,1,34,0,1,10.803843303538772,1056
https://openalex.org/A5004047554,Mark D. Fullerton,1,33,0,1,10.745868229792269,1057
https://openalex.org/A5042490811,A. A. Donohue,1,33,1,0,10.745868229792269,1058
https://openalex.org/A5026462174,Charles H. Powers,1,33,1,0,10.745868229792269,1059
https://openalex.org/A5036723042,Colin Farrelly,1,23,1,1,10.742402021815781,1060
https://openalex.org/A5071735797,Pat Hudson,1,23,1,1,10.742402021815781,1061
https://openalex.org/A5110884886,Thomas C. Cochran,1,45,0,0,10.65728279297819,1062
https://openalex.org/A5088994889,Joost van Loon,1,22,1,1,10.65728279297819,1063
https://openalex.org/A5038266847,Supriya Mukherjee,1,31,0,1,10.6246189861594,1064
https://openalex.org/A5087842195,Doug Stokes,1,31,0,1,10.6246189861594,1065
https://openalex.org/A5072411648,David Camfield,1,21,1,1,10.568379267836523,1066
https://openalex.org/A5052705680,Leszek Nowak,1,21,1,1,10.568379267836523,1067
https://openalex.org/A5004073648,Michael Sprinker,1,30,0,1,10.561121589530238,1068
https://openalex.org/A5016218046,John Frow,1,30,1,0,10.561121589530238,1069
https://openalex.org/A5108352225,H. Marcuse,1,20,1,1,10.475339236566736,1070
https://openalex.org/A5064059769,James T. Todd,1,40,0,0,10.427144133408616,1071
https://openalex.org/A5006413262,Bryan D. Midgley,1,40,0,0,10.427144133408616,1072
https://openalex.org/A5017841653,Susan Schneider,1,40,0,0,10.427144133408616,1073
https://openalex.org/A5082621648,Frédérick Guillaume Dufour,1,19,1,1,10.377758908227872,1074
https://openalex.org/A5043353544,Nancy Tomes,1,18,1,1,10.275172319452771,1075
https://openalex.org/A5051571989,Randall Germain,1,18,1,1,10.275172319452771,1076
https://openalex.org/A5050239855,Benedetto Croce,1,37,0,0,10.275172319452771,1077
https://openalex.org/A5047606301,Ted Honderich,1,18,1,1,10.275172319452771,1078
https://openalex.org/A5022238871,Efrén Cuevas Álvarez,1,18,1,1,10.275172319452771,1079
https://openalex.org/A5056350263,Stefan Schwarzkopf,1,18,1,1,10.275172319452771,1080
https://openalex.org/A5109209168,Karin Knorr Cetina,1,25,1,0,10.209340256602909,1081
https://openalex.org/A5072266634,Aarón V. Cicourel,1,25,0,1,10.209340256602909,1082
https://openalex.org/A5047972996,Bruno Jossa,1,17,1,1,10.16703787691222,1083
https://openalex.org/A5086549521,Marcial González,1,17,1,1,10.16703787691222,1084
https://openalex.org/A5006361686,Q. Edward Wang,1,31,0,0,9.931471805599454,1085
https://openalex.org/A5063370103,Anna Davin,1,21,0,1,9.875232087276578,1086
https://openalex.org/A5039212224,Stephen Snelders,1,21,1,0,9.875232087276578,1087
https://openalex.org/A5065291136,Toine Pieters,1,21,0,1,9.875232087276578,1088
https://openalex.org/A5033007320,A. Claire Cutler,1,14,1,1,9.802394763324312,1089
https://openalex.org/A5069967361,David F. Crew,1,14,1,1,9.802394763324312,1090
https://openalex.org/A5006054901,Elizabeth Fee,1,20,1,0,9.78219205600679,1091
https://openalex.org/A5075766159,Douglas M. Fox,1,20,0,1,9.78219205600679,1092
https://openalex.org/A5065902445,Miguel Vatter,1,13,1,1,9.664409020350408,1093
https://openalex.org/A5059095820,Joseph Fracchia,1,13,1,1,9.664409020350408,1094
https://openalex.org/A5041198406,Christopher Bertram,1,12,1,1,9.516193076042963,1095
https://openalex.org/A5056209509,Веса Ойттинен,1,10,1,1,9.182084906716632,1096
https://openalex.org/A5111412543,Karl Marx,1,14,1,0,9.109247582764366,1097
https://openalex.org/A5021002028,T. Borodulina,1,14,0,1,9.109247582764366,1098
https://openalex.org/A5112210942,Michael Adas,1,8,1,1,8.780743515792329,1099
https://openalex.org/A5022733786,H. B. Acton,1,11,0,1,8.662960480135945,1100
https://openalex.org/A5026358658,Elif Uzgören,1,7,1,1,8.545177444479561,1101
https://openalex.org/A5081934076,Ernest Koh Wee Song,1,7,1,1,8.545177444479561,1102
https://openalex.org/A5108138045,Friedrich Engels,1,14,0,0,8.416100402204421,1103
https://openalex.org/A5051169801,Vladimir Ilʹich Lenin,1,14,0,0,8.416100402204421,1104
https://openalex.org/A5025296343,Rafael Khachaturian,1,6,1,1,8.278114659230518,1105
